Country ,Broad money (% of GDP) 2012,Broad money (% of GDP) 2013,Broad money (% of GDP) 2014,Broad money (% of GDP) 2015,Broad money (% of GDP) 2016,Broad money (% of GDP) 2017,Broad money (% of GDP) 2018,Broad money (% of GDP) 2019,Broad money (% of GDP) 2020,Broad money (% of GDP) 2021,Broad money (% of GDP) 2022,Broad money (% of GDP) 2023
Aruba,73.0407417,67.41962841,69.58694425,71.74178163,78.01214334,76.59542642,74.63546809,75.17339861,107.9881556,102.3226044,94.44252884,85.55422252
Africa Eastern and Southern,47.75951164,45.47488294,45.53977367,47.34857809,46.74199544,45.36495555,46.3985856,49.02573556,53.2266373,51.60480361,48.92804658,50.0665701
Afghanistan,32.91369227,32.6820169,34.20959679,33.92805265,37.22281866,36.8612613,36.60749389,34.95921431,37.50818874,,,
Africa Western and Central,24.31429766,24.48895774,23.16555295,23.50386449,26.85279616,25.30448584,25.89794542,25.5665232,28.29348698,29.25842607,29.4903838,
Angola,31.5177312,33.33154741,35.6755532,40.94465992,39.16230806,32.18652109,30.64644052,33.69273393,40.06994844,25.862961,21.76057945,25.23496312
Albania,84.28877013,85.10628842,85.65080753,84.79216792,85.80495885,81.70339459,76.11478958,77.02287793,87.98331183,84.76628623,77.1857456,71.658119
Andorra,,,,,,,,,,,,
Arab World,59.97739992,64.63504091,69.1806222,79.90369087,85.07925205,82.13171125,,,,,,
United Arab Emirates,60.15345971,70.95538102,74.00227183,87.27643791,90.36677745,88.98082959,83.42787924,92.05889821,115.2065858,102.5106431,92.27323062,107.1362134
Argentina,27.17564527,27.19624241,25.82170185,27.69088504,28.3723031,28.49528017,30.41075648,26.18303895,34.50526317,30.73095443,32.25307067,36.00961261
Armenia,31.55695244,33.9221955,34.67229613,36.79245529,43.02292575,46.41542424,46.1206403,47.15440168,54.38516654,54.38682631,51.93199922,54.82816029
American Samoa,,,,,,,,,,,,
Antigua and Barbuda,87.6876605,88.97857372,86.72228808,88.00566212,83.87984595,87.52282837,86.46903778,82.89679443,92.53988586,92.83112908,83.25028184,79.03426084
Australia,101.1944651,105.4550591,108.4916311,113.2258615,118.3152042,116.6478081,113.9459517,122.9401175,137.321972,139.2054501,134.3693505,126.7532589
Austria,,,,,,,,,,,,
Azerbaijan,30.64334673,33.15429702,36.54487009,39.20354901,34.57199639,32.37529529,30.04094438,35.24743049,40.21296723,37.1732317,31.96541534,36.64344638
Burundi,26.06327124,25.88213261,26.45375543,22.67554084,24.24090906,27.33809134,33.19741213,39.62198739,46.25350211,49.75122556,56.6206444,57.14977142
Belgium,,,,,,,,,,,,
Benin,24.88315073,26.86197074,29.96543026,30.98476065,29.83209461,28.63099085,27.93430091,27.82163276,30.54664514,32.72816126,33.42626715,30.28052489
Burkina Faso,26.42119633,28.28733538,30.28942611,35.59710288,36.5625743,41.10114307,42.128165,43.18176724,46.844617,51.1321303,48.69861451,45.03467034
Bangladesh,60.74246083,61.39991429,63.3375541,64.50655207,54.9691445,55.83754161,54.83255629,54.87025351,57.76306499,56.63727859,54.11770085,51.21856333
Bulgaria,74.68488373,81.74372269,80.81769282,82.57919555,83.47602339,83.48730321,84.94372839,85.45677624,93.83311515,90.09688302,84.56485632,83.54766352
Bahrain,70.43294193,72.01926154,74.61487923,82.12525227,,,,,,,,
"Bahamas, The",62.19864526,64.49047645,62.04299839,58.11472634,62.83318666,61.39879923,60.18032458,64.50792603,84.09158483,76.85293943,72.73901152,
Bosnia and Herzegovina,56.85794923,60.09834298,63.1204519,64.45866875,66.7354662,69.54212587,71.27228967,73.58609157,81.34473098,80.50915608,72.86604152,71.89820976
Belarus,29.45377018,28.82214084,29.71527702,36.3628961,35.74020342,37.68255171,35.34410464,36.00458238,33.93021587,30.72803691,,
Belize,63.98642427,60.91681602,62.48233093,65.52756421,65.84773228,64.84954636,65.7869732,66.10060304,86.49195905,82.04112475,72.18794492,72.51020023
Bermuda,,,,,,,,,,,,
Bolivia,75.3900148,78.65996223,84.52306792,95.61781611,92.96938087,92.53130095,89.70695533,86.9940315,106.1368112,102.3352426,,
Brazil,79.05286202,78.62652781,81.90656401,88.06962764,93.82113794,93.05955811,93.71303403,96.05785042,109.1542171,103.4656345,104.7900295,111.0699078
Barbados,89.79325022,91.60598995,94.4234178,101.6801753,105.0544636,102.7351578,100.5513217,100.698022,120.9618633,125.5864571,111.5357496,104.8185998
Brunei Darussalam,58.65646775,62.57538938,67.49859558,80.80408316,92.59857717,86.68530028,81.58022034,84.71877064,93.57501828,84.57934315,70.07220055,81.46400573
Bhutan,54.41664155,52.26987116,58.79550479,55.48566731,60.72924052,66.88618449,68.07278891,70.18563228,95.03861608,87.2733153,86.66846404,82.52721876
Botswana,46.33608413,44.54089633,40.21452231,48.84329304,42.90885454,43.48525883,45.18352026,47.1185707,52.37331368,45.34386524,40.04848616,41.74014763
Central African Republic,15.78457834,25.57295264,26.16564306,25.7138497,25.2080413,24.99060935,27.8010919,28.70136971,31.09179347,34.18576524,32.8986741,
Canada,,,,,,,,,,,,
Central Europe and the Baltics,57.41252067,60.26519384,60.91988223,62.26410211,65.01127471,64.57197775,64.91825039,64.72891435,73.5861013,72.76749615,66.89715784,65.53921876
Switzerland,172.8798878,176.9118055,181.9374804,181.4310534,184.7102855,,,,,,,
Channel Islands,,,,,,,,,,,,
Chile,77.62592393,82.10723828,82.86319814,84.36149719,83.17859952,78.71995953,77.62836625,84.3531589,93.4804493,93.67899597,88.28321971,84.79563902
China,180.8735842,186.6093794,190.8709217,202.1138887,207.6737579,201.406398,195.0358759,197.8865471,211.8916376,203.8378734,217.1287767,227.9445732
Cote d'Ivoire,25.4036956,24.82263163,24.81945906,26.11009553,27.37486106,28.12212964,29.91332011,30.44182819,35.95177708,38.36660693,38.56104695,36.45234785
Cameroon,17.82033821,18.35457102,19.27256075,19.78324231,19.74063414,19.89720844,21.40184925,,,,,
"Congo, Dem. Rep.",10.74996114,11.44922248,11.87404962,12.29034937,14.00668487,12.6728011,12.41475271,,,,,
"Congo, Rep.",24.37521781,25.08619862,28.62046054,30.47965534,29.39062771,24.50433906,19.28663992,22.0323783,31.18895064,26.8786445,24.39935796,28.40012831
Colombia,42.74628079,45.37760998,46.37815885,48.99143708,48.91995836,49.02411627,48.01613366,48.70276019,58.27843807,54.62613756,48.94135306,48.52770667
Comoros,22.46175186,21.73335363,22.81784352,26.55779264,27.86360778,27.21754552,27.97222496,27.93600821,31.39050696,36.4193927,36.31952252,37.46943902
Cabo Verde,74.73077842,81.57438542,87.12217418,90.23554359,92.21303301,92.73388166,89.14682508,89.77361679,117.2079775,111.3283355,95.61284583,92.8135051
Costa Rica,49.36862583,50.48296107,52.45680666,50.64437399,49.13839072,46.57546358,45.37335505,44.93829345,54.8657927,54.00707015,47.45879626,47.43786752
Caribbean small states,67.60324971,69.4284252,69.80247118,70.72869898,74.70421728,71.97806228,71.32125319,71.41406823,86.73121661,79.46089158,65.51695755,59.49493241
Cuba,,,,,,,,,,,,
Curacao,,,,,,,,,,,,
Cayman Islands,,,,,,,,,,,,
Cyprus,,,,,,,,,,,,
Czechia,72.16042887,75.42594635,76.07758901,77.29220844,79.08674941,81.6105669,82.06452313,81.15977788,90.16740336,88.9538671,84.44963256,85.74970299
Germany,,,,,,,,,,,,
Djibouti,85.70354737,60.72887112,59.65038393,64.85740205,65.6530205,75.47630163,67.57238416,69.33198989,80.26565862,79.50700674,72.02732496,69.52836727
Dominica,96.14722091,96.6272358,97.11552825,96.75922438,96.35304855,124.7715152,119.1374739,95.34225782,102.037038,94.35205049,85.20372203,78.74654362
Denmark,63.97710887,56.70357505,63.23993969,67.79790118,60.77819126,61.34428607,60.76765518,62.61959403,68.10244054,61.0661007,60.54116541,64.348869
Dominican Republic,33.35603828,34.0103478,33.27673239,34.04849616,34.35102694,34.56120526,33.08592854,34.30346394,42.75415647,40.17507875,36.53287227,38.39292407
Algeria,62.54402455,65.50098547,70.96747933,72.59120329,69.83807103,71.0633952,73.34167761,71.50547166,84.87178893,79.82603177,71.6469589,72.33077372
East Asia & Pacific (excluding high income),158.7999538,165.7089276,170.8360007,181.6236359,185.6327204,180.6266605,176.4380998,178.2415541,193.3961046,188.6450877,198.0605898,210.5477128
Early-demographic dividend,52.33914267,53.7872021,55.88457163,58.75383211,60.13672008,58.10238024,57.38191263,59.06501691,69.31678172,67.02597196,,
East Asia & Pacific,175.5648195,176.5357724,179.6154745,185.8590589,191.9884218,188.751476,186.0533576,189.6777535,207.7060488,203.3715544,208.0810802,215.0560763
Europe & Central Asia (excluding high income),45.76440767,46.57832869,45.95429993,47.48139661,49.59178591,47.66631091,46.02259501,48.40402453,55.40260355,56.19684943,48.72241555,47.83545978
Europe & Central Asia,,,,,,,,,,,,
Ecuador,37.58496136,38.91199051,42.04895282,42.28705736,49.59267389,37.08841804,37.73507854,41.03189303,50.63875087,50.88096489,51.632448,53.29288423
"Egypt, Arab Rep.",69.71545906,74.61183576,75.44264838,77.98587789,98.13613237,87.60246787,77.76522119,73.45453034,79.97472493,87.38649407,94.39260975,87.40059898
Euro area,,,,,,,,,,,,
Eritrea,127.475597,135.9624996,176.7889186,,,,,,,,,
Spain,,,,,,,,,,,,
Estonia,,,,,,,,,,,,
Ethiopia,,,,,,,,,,,,
European Union,,,,,,,,,,,,
Fragile and conflict affected situations,40.46100602,43.1385893,39.9463495,42.52829685,48.47602922,46.73799742,35.48193174,36.75360908,45.52136559,35.44837683,35.09895603,
Finland,,,,,,,,,,,,
Fiji,67.65288434,74.1727542,68.91972939,73.28703054,73.42745545,74.06763964,72.07519215,73.66110627,91.01574942,109.3630792,93.63963245,90.983014
France,,,,,,,,,,,,
Faroe Islands,,,,,,,,,,,,
"Micronesia, Fed. Sts.",41.19405211,45.95472337,60.88428897,56.32817983,66.94246154,67.11114206,62.89387755,63.20786802,77.40833333,85.22205128,,
Gabon,22.286972,24.93155845,23.47019037,24.89688446,24.45471047,19.36241637,23.86971562,22.92759105,,,,
United Kingdom,147.7681782,145.1453501,135.302828,134.0908273,140.2754507,145.286778,148.0237457,140.670149,163.8936984,165.5296666,162.6263642,147.0687996
Georgia,28.33185995,33.7587295,35.27468604,37.97724326,43.46185539,44.03576923,45.70595495,49.02892853,61.01667035,55.73782195,51.58098682,53.40106484
Ghana,30.36174184,21.95275634,23.64255056,25.67027321,26.28077583,25.488335,25.12738033,26.39174743,30.81731563,31.73461693,31.48801694,31.58270436
Gibraltar,,,,,,,,,,,,
Guinea,20.85625454,21.81210761,23.39982847,24.8647559,23.96641594,23.01861015,22.20251027,23.71236504,26.67636757,24.51694396,,
"Gambia, The",34.36471408,36.14174308,37.97904828,,,38.28397214,39.47209551,44.42000359,52.93936611,57.02079376,53.5153549,48.26706476
Guinea-Bissau,28.76068148,29.52023577,42.94316253,44.93874516,45.3705593,40.32419269,42.28622855,39.31613321,42.12870752,46.95039235,44.57818892,39.76708731
Equatorial Guinea,12.67659862,14.19673464,12.05004033,15.4449664,14.27635018,12.73194333,12.30293144,12.46551146,13.83732566,11.55876673,11.18714374,13.87673159
Greece,,,,,,,,,,,,
Grenada,91.42506514,90.05710558,88.38508442,86.72170793,85.09225762,82.73183411,87.2179276,82.14032615,94.37633138,95.15433333,95.87119756,90.37509796
Greenland,,,,,,,,,,,,
Guatemala,46.80181881,47.83640184,48.03379794,49.24120666,49.65775471,50.80434176,53.19549818,53.70073195,62.75243378,60.82137353,58.75028161,56.4386901
Guam,,,,,,,,,,,,
Guyana,46.99701535,48.16763695,50.13240453,50.11296331,50.44276152,47.29309038,49.41802804,52.10923321,56.42204716,43.67539834,27.55998977,28.86022775
High income,116.3010589,113.8614163,113.973958,114.6216962,118.5787739,116.9450669,117.3475367,120.0200158,138.4427679,,,
"Hong Kong SAR, China",336.2526038,353.9153371,363.365684,365.5876232,375.0387602,396.1517895,386.0987657,403.3140687,454.7032193,437.7982139,461.6073606,451.7222867
Honduras,51.15044103,53.15024777,54.67463738,53.10554987,58.09974982,59.61748311,61.08993597,63.65900921,80.18572111,74.40611264,73.59481558,74.55360421
Heavily indebted poor countries (HIPC),27.85505929,27.30232825,28.46217145,29.74945313,30.04788074,30.54504491,30.82952692,33.48242343,37.59394927,38.50605391,,
Croatia,,,,,,,,,,,,
Haiti,26.41883786,25.20390449,25.81918207,29.95476138,30.28996109,28.17659621,30.99753004,29.94323042,27.19354404,31.54002916,32.40512392,22.68767045
Hungary,58.56291305,60.3170279,57.19972533,56.71441984,58.73423861,58.36254595,59.07367602,58.14251473,69.28538888,72.04805049,65.40884466,59.60500418
IBRD only,100.5104748,106.4020506,113.0404394,125.8829152,129.817933,126.788295,126.6410592,128.9642027,145.4414392,145.3114718,155.5862093,160.7203931
IDA & IBRD total,96.22814551,101.3473178,107.3438016,119.2788325,123.1792139,120.551452,120.4842599,122.8494006,138.6957952,139.0137472,147.6930419,154.3912718
IDA total,33.77758191,33.39031312,33.53661516,35.87124431,38.41817583,38.55614815,39.11675172,39.79036895,43.26005928,42.36776998,41.17383453,
IDA blend,32.48319288,31.74278808,30.3691132,31.89645517,35.98332079,34.84705237,35.14075104,33.85150226,36.35795277,35.6603471,33.9065576,
Indonesia,38.38928827,39.07547414,39.48385024,39.46442005,40.35709044,39.87663393,38.81758144,38.76024384,44.71787447,46.36018204,43.53677337,42.2476157
IDA only,35.12129393,35.18051671,37.19796085,40.29221924,40.77658118,41.95870607,42.7049688,45.06222491,49.20313805,48.70738757,48.28695405,
Isle of Man,,,,,,,,,,,,
India,76.91318852,78.18217173,77.89935376,78.01191058,74.54926535,74.14418936,74.0978246,76.98188097,87.67667268,82.10203483,,
Not classified,,,,,,,,,,,,
Ireland,,,,,,,,,,,,
"Iran, Islamic Rep.",55.56631192,51.99600325,60.96142032,76.76127207,82.51016788,,,,,,,
Iraq,30.36182434,32.71789335,34.9145605,43.41835339,45.93970492,41.89057783,35.47193382,37.45724582,55.59928441,46.00705478,40.49081671,54.83339095
Iceland,79.8839676,78.29810398,78.21543697,74.55236664,65.40206598,65.31683496,64.91780021,65.03561092,72.1364576,71.43170525,65.52765801,63.93214621
Israel,76.26081848,78.07381851,83.4913664,83.10379816,83.8934547,84.60996756,84.16769338,85.5660855,104.9951328,108.6564846,103.2803547,101.1862222
Italy,,,,,,,,,,,,
Jamaica,43.65929576,45.19743963,44.81108526,47.20852003,50.46876464,52.17596546,53.59700514,56.46375703,71.77673722,72.48213666,66.27350345,64.94666136
Jordan,115.7801255,121.3520897,108.7484525,111.6765317,112.7136022,108.0172492,103.7899712,106.3389914,114.5029156,115.6873854,115.7375358,113.0465409
Japan,228.7016706,232.9984081,234.9960968,233.3917127,239.5604159,244.008404,248.1021777,252.6811813,280.3549483,281.9455368,284.665258,275.5569422
Kazakhstan,33.9279351,32.21786692,32.26522128,41.88880408,42.15053622,35.77921851,33.66795126,30.66484237,35.2698169,35.85315222,33.05139818,31.9691168
Kenya,36.52651955,37.79339193,42.3012569,42.81938578,40.32761162,39.35198929,39.35983234,38.07048376,41.20258091,38.98878246,37.37993042,40.00668753
Kyrgyz Republic,31.72593129,34.03447732,31.09035458,33.25120009,34.43346496,36.45607733,35.84058138,35.20722039,44.59172172,43.40249499,43.47044982,
Cambodia,39.45192668,43.31728301,51.05677056,54.05998187,59.6772874,66.61430485,74.65059018,79.49570022,95.81711409,105.4023234,104.8171901,111.2070739
Kiribati,,,,,,,,,,,,
St. Kitts and Nevis,130.9197412,137.0629819,139.3577593,145.3458309,137.5793203,127.8186584,122.2648716,100.8485666,116.1300047,130.1442751,118.1171407,107.7919831
"Korea, Rep.",127.4652501,127.9831138,132.9064959,135.5456811,138.2977531,137.841483,142.2596611,151.3958148,164.8782634,173.7184024,173.8496083,174.5964895
Kuwait,60.63084073,65.64547726,72.63792485,99.32137368,107.1422534,100.4112399,91.37121945,88.13432355,102.6913211,80.93812071,68.49484208,77.5006455
Latin America & Caribbean (excluding high income),55.17160609,55.36979867,57.20390065,57.99627002,61.46639321,61.78471104,61.30300804,62.1487915,71.66154594,67.12520661,66.61470734,69.99956221
Lao PDR,,,,,,,,,,,,
Lebanon,235.8195147,236.6549636,244.29691,247.2416299,259.293191,260.6183105,,,,,,
Liberia,19.53616881,21.05233857,19.08692141,20.74029346,18.09349746,20.0639672,20.478833,19.55274002,20.92716694,,,
Libya,53.95357123,69.87719075,91.41269883,111.575426,132.0686147,122.1428099,108.5403724,115.1507146,197.3939679,64.41246841,,
St. Lucia,74.2579793,73.62187801,71.85605921,73.30022948,71.62157341,68.88917717,70.11527613,63.21119364,77.13171127,71.1407571,58.99986223,63.1210977
Latin America & Caribbean,55.48789094,56.34636279,58.26870367,59.2955906,62.52925632,62.52407099,62.11468325,63.29310891,72.96095628,68.81175825,67.56269911,70.51515617
Least developed countries: UN classification,34.24165061,35.12027787,37.29664164,40.81697575,40.76135773,41.2954615,42.01130406,44.83777894,50.12123457,48.56452363,47.11710252,
Low income,24.80067501,24.18265805,23.45319382,,,,,,,,,
Liechtenstein,,,,,,,,,,,,
Sri Lanka,41.04535551,43.15058378,45.5725928,49.68539004,52.11386561,54.48891337,56.89195602,59.46206621,,,,
Lower middle income,63.13303147,63.92182586,64.51802185,67.27536095,69.41619946,68.61766561,66.4176582,68.42554067,77.78615349,75.7526655,,
Low & middle income,103.4582548,108.5289129,113.5571764,124.6640381,128.7163325,126.4793298,126.4812035,128.9657395,145.0968464,141.8573759,151.5025438,159.3571302
Lesotho,35.13401984,37.92176039,33.98698227,33.6617216,31.00787735,39.38879132,39.61252917,35.30560023,42.25452193,,,
Late-demographic dividend,123.7985475,130.2409532,137.3301629,155.403656,160.9445238,155.5290038,153.4396124,156.4839365,174.4260868,176.3641406,182.5498343,189.7958004
Lithuania,,,,,,,,,,,,
Luxembourg,,,,,,,,,,,,
Latvia,,,,,,,,,,,,
"Macao SAR, China",108.6504584,107.2063934,111.1639698,131.4480103,147.7686006,146.2644462,146.2205554,154.6588779,341.954352,277.3166469,355.9666824,196.4593946
St. Martin (French part),,,,,,,,,,,,
Morocco,107.5292401,105.1363605,108.4649906,106.4853468,109.8848228,110.4624249,110.490578,110.5402856,128.8631472,122.2633891,126.6434551,119.6418151
Monaco,,,,,,,,,,,,
Moldova,47.04788063,52.52320998,49.99307326,43.61816092,44.36736129,43.77993589,44.00341045,43.61114453,53.88723468,49.47703991,45.98229924,49.65714125
Madagascar,22.05871164,21.19368611,21.28641281,22.58242128,23.61242609,25.56239783,25.6080339,24.63114647,28.23752282,27.78123201,28.41422013,27.25648838
Maldives,45.10410631,46.76103998,47.82593946,48.05256987,44.90862801,43.18686853,39.78043813,41.14650215,72.47223614,64.6752386,58.26155227,58.41639579
Middle East & North Africa,60.81200299,64.60222702,70.18710006,80.9393459,85.62017636,83.46995651,,,,,,
Mexico,29.98510736,31.65408004,33.19596884,35.12920261,36.55344349,37.44990477,36.48982087,36.76748874,43.50138123,42.99093586,41.78337993,43.02953618
Marshall Islands,,,,,,,,,,,,
Middle income,104.4079494,109.5832394,114.5449765,125.7533159,129.7225916,127.4328122,127.4145358,129.7330602,145.9969396,142.480496,152.2155113,160.1794356
North Macedonia,54.14448243,51.65987825,53.52374923,54.4005214,54.16974193,54.51953525,56.50596956,58.3279942,65.1791279,65.08414922,61.24400256,58.95817169
Mali,25.90577561,27.22282109,26.55738271,26.83932983,27.70543888,26.92704185,28.50639263,27.86225752,31.5019563,40.34451864,40.83081487,37.73358088
Malta,,,,,,,,,,,,
Myanmar,31.66735296,36.77456379,39.57431421,46.41308867,49.69604402,53.31036763,54.5606988,56.10760612,69.20464294,,,
Middle East & North Africa (excluding high income),64.23388607,66.50909101,73.12743525,82.58182411,90.44500143,,74.32530398,73.57706003,89.39310077,82.74845526,81.19595672,82.01289281
Montenegro,51.9625014,50.57979752,53.71387574,56.4738294,56.97587421,59.19655857,56.29199054,52.13719945,59.35690254,57.9655123,59.61153778,56.78193278
Mongolia,45.61173071,49.29817557,47.84408479,43.89208123,50.80588297,56.62547727,59.77018478,55.0583206,65.36343609,63.97237206,55.0862715,53.41179957
Northern Mariana Islands,,,,,,,,,,,,
Mozambique,39.28538333,41.80244059,46.91957083,51.45460425,48.24605456,45.74761894,46.09262417,48.79611642,59.02526925,56.18141117,53.62700831,50.01373849
Mauritania,21.94317503,24.68436833,27.25286169,27.08677957,25.65966937,27.72894413,28.07500266,28.41432254,,,,
Mauritius,98.56640796,96.87283564,99.30199935,104.0534865,106.7398491,110.4093779,110.9681083,117.5481021,156.7461528,159.9490734,141.1263247,130.434719
Malawi,17.68213771,17.8341201,16.47624277,17.12462029,16.1661314,16.49407473,16.56306716,16.02588295,17.47281485,20.0931499,23.58570242,24.92459277
Malaysia,136.8038681,140.092354,137.1023286,132.8127793,128.5841865,122.5342056,125.0778647,122.9070528,137.0937139,132.547636,119.0039588,123.9399337
North America,87.91685242,88.46316813,89.20015889,88.54950195,89.46471519,89.90179205,88.79648412,92.30055941,109.1174172,114.9809344,103.8161168,99.12791711
Namibia,57.2146681,58.72593496,55.15299087,55.56618011,54.56173934,57.16473721,57.62788281,63.64765915,71.53926047,72.60540182,,
New Caledonia,,,,,,,,,,,,
Niger,16.13566579,16.87636422,19.84834879,19.4475088,19.63432714,17.71301758,15.79431547,17.15775656,19.16575153,20.11598752,19.3426896,18.08373765
Nigeria,24.92823094,25.44804511,22.68961102,22.36682654,27.37878836,24.78141786,25.36246273,23.9296086,25.22161116,25.24143011,25.78868188,
Nicaragua,33.53166716,36.23547396,36.82587719,38.85674455,39.45424947,42.01544726,34.45187164,35.76119263,39.93538123,39.79507202,39.25649887,
Netherlands,,,,,,,,,,,,
Norway,56.9033637,58.63561717,60.81417532,58.15605669,64.98566287,64.64241403,63.1740201,65.31251451,76.11824097,67.33696722,53.83671532,60.20503267
Nepal,67.71797811,74.31554963,75.36051884,86.38039633,94.20586025,89.40497103,95.33178294,97.16987778,117.7494555,120.6567696,113.5930524,120.7897328
Nauru,,,,,,,,,,,,
New Zealand,,92.81648818,95.00286363,99.17226906,100.490703,100.6452374,101.7067916,100.9273958,111.5209962,109.2023859,102.4757473,100.5691629
OECD members,116.8248118,113.5247282,112.6927214,111.4402847,115.539217,114.1059024,113.8992765,116.5222883,134.4221738,135.9794909,123.6905991,116.8863991
Oman,32.46784821,34.23309196,37.20798693,50.04743297,53.39363297,51.68578358,,,,,,
Other small states,,,,,,,,,,,,
Pakistan,46.18634685,46.69871109,46.66555029,48.09478971,50.80430961,51.40771096,51.22329355,51.18358485,54.52638937,51.26238684,46.12265617,42.57173843
Panama,,,,,,,,,,,,
Peru,40.85644495,44.48765853,45.07841228,48.20613085,46.22677087,47.57814236,47.17371699,49.05948197,73.43863468,60.54718013,61.49810023,
Philippines,56.30499088,66.83660253,68.57019746,70.91656388,74.05651792,75.41772137,74.51518725,76.59717596,90.49053168,90.36719081,85.85591954,
Palau,,,,,,,,,,,,
Papua New Guinea,38.23800539,37.9366603,32.76041233,33.61954979,34.46760585,30.62199919,26.91034986,26.6114158,,,,
Poland,56.79867739,59.77055358,61.92417779,63.82681132,67.8189779,66.32337358,67.31946133,67.64343245,77.12425658,74.57458488,67.36746376,66.65299667
Pre-demographic dividend,26.21829525,26.8804093,26.78925289,28.14282193,30.1583508,28.72011368,28.24182383,29.08872957,33.62325526,31.97571183,31.24149291,
Puerto Rico,,,,,,,,,,,,
"Korea, Dem. People's Rep.",,,,,,,,,,,,
Portugal,,,,,,,,,,,,
Paraguay,34.0673266,36.46330654,38.71548359,,41.42202057,41.935584,43.06412343,46.06344045,54.17781331,52.01844278,50.03745463,50.89228742
West Bank and Gaza,55.45844268,55.47121005,57.43898106,63.46422796,63.33521581,68.15281717,70.11212529,73.25711923,92.0336548,85.45328885,80.64188102,94.7472118
Pacific island small states,58.3394753,61.86550834,61.04947226,64.1604084,65.56650679,66.35593207,65.58905988,65.80775138,76.52630346,88.48211393,81.35067041,79.1176412
Post-demographic dividend,126.0695951,122.9026259,122.0411037,120.098706,124.167316,123.188823,122.6973449,125.360498,143.864044,145.3979234,133.3833113,126.6782814
French Polynesia,,,,,,,,,,,,
Qatar,56.03114555,62.99899154,67.14445895,88.56012349,90.08567786,102.8873254,84.51593628,90.03290792,114.121316,93.01092916,83.27468937,93.20615601
Romania,35.73676325,38.24210495,39.11940905,40.17294053,41.76604825,41.09459704,39.70939735,39.62465003,45.56250332,47.33961215,43.40149076,41.53098598
Russian Federation,47.2894158,51.20002959,54.29533089,61.82658261,59.44582853,59.52220741,59.11861639,58.87829663,69.9295269,,,
Rwanda,17.24589057,17.98231764,18.94889616,20.81625548,20.28804917,19.70814171,21.73078824,21.35444869,25.14774728,26.08413054,25.57308283,26.76502151
South Asia,71.0801318,72.10898898,72.25246932,72.58548194,69.57684647,69.66838699,69.53141021,72.08101699,81.4632729,77.07262842,,
Saudi Arabia,51.8253798,55.25888092,60.76526751,71.60161706,72.37042927,67.5129723,,,,,,
Sudan,26.01885773,21.15118625,17.63500865,18.34470777,18.84249052,23.4576542,32.73487351,35.24732295,31.88350011,,,
Senegal,28.65143785,29.87129691,31.72897425,35.28982721,37.37748396,37.79341719,40.96283525,41.50894825,45.28718386,48.32679497,52.04368903,52.52126594
Singapore,128.9127791,128.8508362,128.445569,122.8592629,127.5189848,122.3737396,118.5557254,123.0259296,148.4809535,,,
Solomon Islands,35.14398496,36.66869545,36.89825034,40.38142095,43.24870091,42.33511293,40.80992216,38.40296188,42.94509337,45.17097096,45.51544007,45.10720807
Sierra Leone,13.10534796,11.19995899,13.03921446,0.01531903,0.0160392,0.015180101,0.014727295,0.014517155,0.017933399,0.019239199,0.020397035,0.019835293
El Salvador,49.99708834,49.79411606,48.61804998,50.11100965,50.03039168,53.8410714,54.82235547,59.06725986,69.36547168,60.86474506,57.82923029,59.2149062
San Marino,,,,,,,,,,,,
Somalia,,,,,,,,,,,,
Serbia,41.37732118,39.95780845,42.56573854,43.82889141,46.75809102,45.93125826,49.27866803,49.80470052,57.85329258,57.45187749,54.12661087,51.58027565
Sub-Saharan Africa (excluding high income),37.20700459,35.40132714,34.45087739,35.80304123,37.12989009,36.53290288,37.00824323,37.7125944,41.04153207,41.05167025,39.99680601,
South Sudan,18.68368009,11.90815746,19.13297196,39.4658052,65.45944294,23.99619793,23.54594251,18.73456281,26.42262631,34.20165438,28.74820147,32.53000115
Sub-Saharan Africa,37.21528553,35.41894998,34.47565558,35.82821636,37.16064124,36.56809784,37.04200345,37.75422996,41.09770599,41.09903498,40.04601548,
Small states,67.27377748,68.64097922,70.66612635,74.07271678,,,,,,,,
Sao Tome and Principe,40.63630673,42.4708391,45.57390602,49.10474736,41.51261208,38.2257805,38.72270781,33.40611323,32.94976822,29.94943665,28.15740399,24.43512263
Suriname,49.45736963,53.16170971,55.0448542,60.74014048,78.36464279,65.44551916,64.36877363,63.93775914,84.91623232,77.27962287,74.16665342,65.41056368
Slovak Republic,,,,,,,,,,,,
Slovenia,,,,,,,,,,,,
Sweden,65.40341392,66.46302202,66.46739913,66.39603757,69.46327871,73.4482502,72.9210061,74.32655937,88.02267208,89.3220267,85.47670323,79.74842605
Eswatini,24.0733173,26.24737105,25.23026848,26.74174686,30.64992882,29.3205739,29.25447423,27.66217664,31.3588985,30.35986271,28.67972972,
Sint Maarten (Dutch part),,,,,,,,,,,,
Seychelles,49.71317544,58.48964732,66.85773415,63.82782067,65.32795937,69.4844936,68.94964495,74.19906177,101.6315012,93.35838594,80.46379246,83.24176014
Syrian Arab Republic,,,,,,,,,,,,
Turks and Caicos Islands,,,,,,,,,,,,
Chad,12.42087039,13.31894076,15.65673779,15.86419524,15.84289773,15.61372092,14.61788672,16.88980771,21.33882177,22.89388171,,
East Asia & Pacific (IDA & IBRD countries),158.7999538,165.7089276,170.8360007,181.6236359,185.6327204,180.6266605,176.4380998,178.2415541,193.3961046,188.6450877,198.0605898,210.5477128
Europe & Central Asia (IDA & IBRD countries),47.6876738,50.27284242,51.77452649,55.3470476,55.93682488,55.30997995,54.89946952,55.69364777,64.60488721,,,
Togo,31.57977674,34.31999057,33.50585238,37.54284816,39.9053406,42.56444627,44.20758682,44.03748141,47.26575437,48.8650457,51.17522507,50.00689075
Thailand,121.1165476,124.3692257,127.0495523,127.7306039,125.3963428,124.0447401,122.8194084,123.3986339,146.5935288,148.6329941,143.8264994,142.1808031
Tajikistan,19.61305237,21.09767948,20.20705522,21.16544797,26.99057738,27.96288038,26.66040356,28.00505186,31.26897883,28.09770155,22.2140171,30.23789927
Turkmenistan,,,,,,,,,,,,
Latin America & the Caribbean (IDA & IBRD countries),55.46813825,56.32756133,58.25598296,59.29082928,62.51877609,62.51845244,62.1114687,63.28205056,72.91476,68.77373042,67.53497501,70.50606151
Timor-Leste,35.06486228,35.83467143,41.43747583,40.38636987,44.73598516,51.9217121,54.53681232,38.78199969,40.31811463,30.85819265,37.86175316,59.98992435
Middle East & North Africa (IDA & IBRD countries),64.29590371,66.60136457,73.26910893,82.77417881,90.73533331,,,73.58236432,89.35155567,82.70369557,81.2046824,81.81871767
Tonga,43.208871,45.42718898,48.48151189,52.95412295,54.88062781,55.13136863,56.33756079,53.63704618,61.63875089,69.59355621,72.30761724,72.25788235
South Asia (IDA & IBRD),71.0801318,72.10898898,72.25246932,72.58548194,69.57684647,69.66838699,69.53141021,72.08101699,81.4632729,77.07262842,,
Sub-Saharan Africa (IDA & IBRD countries),37.21528553,35.41894998,34.47565558,35.82821636,37.16064124,36.56809784,37.04200345,37.75422996,41.09770599,41.09903498,40.04601548,
Trinidad and Tobago,52.68013377,51.66066349,53.8157752,60.10084214,67.30507214,65.09749315,64.52671938,68.76985173,84.21842408,72.65649832,60.36688796,67.2349691
Tunisia,65.76384812,65.27411048,65.30295962,65.42101319,66.61258213,69.66591139,67.374058,68.6809916,77.96170299,77.40352702,79.8350974,79.85219656
Turkiye,49.67066438,52.19255346,51.49283669,52.4415855,55.22271914,53.85432906,53.11713148,58.77277749,67.47809257,71.6054682,55.49577599,53.33149467
Tuvalu,,,,,,,,,,,,
Tanzania,23.50356248,22.07095974,22.53436799,23.43982579,21.11238045,20.81344171,20.01137054,20.27554467,19.74025198,21.28613976,22.11487404,23.36410154
Uganda,17.56104838,17.98668844,18.65996831,18.8439221,19.07484372,19.91860686,19.41712931,20.52305565,22.73137124,22.48809351,22.03039837,21.68160474
Ukraine,52.99162158,59.69790224,60.28852987,49.98943905,46.22769576,40.54905289,35.88558964,36.16392455,43.81799998,38.00064977,47.74894015,47.0674153
Upper middle income,114.1495359,120.4741731,126.9652908,140.8402266,145.8447216,143.3001191,143.2296707,146.0398837,163.8299979,158.9870896,163.3946119,168.2008433
Uruguay,40.16449946,41.97292944,44.01859484,49.42991068,46.71193108,44.27518764,45.97603961,48.78338519,59.00650509,58.73147777,52.88358022,51.62379537
United States,87.91685242,88.46316813,89.20015889,88.54950195,89.46471519,89.90179205,88.79648412,92.30055941,109.1174172,114.9809344,103.8161168,99.12791711
Uzbekistan,,19.174792,18.21130835,19.10493727,20.4467509,20.54213221,17.6427857,16.00359424,16.76732091,17.7023886,18.99258677,17.79003587
St. Vincent and the Grenadines,66.9747522,68.24453634,73.59256213,75.13212789,73.93637827,72.32668249,69.8868955,71.52351661,70.03610814,78.70577691,71.15847431,66.95003865
"Venezuela, RB",45.73080514,52.89749361,,,,,,,,,,
British Virgin Islands,,,,,,,,,,,,
Virgin Islands (U.S.),,,,,,,,,,,,
Viet Nam,84.8164707,93.76270429,101.7339902,111.1746598,120.6402938,123.505309,124.9869864,129.1476728,140.6036802,146.1579513,137.292054,
Vanuatu,82.17658483,75.00452578,77.88610156,81.67583028,84.96240924,82.8975859,88.27404787,88.50856117,90.12834638,98.97910643,93.70882133,87.26167669
World,110.8718789,111.3569531,113.8030367,118.7579799,122.7388891,120.9602903,121.2658051,123.8604801,141.2818694,142.0640363,139.1790611,138.3555173
Samoa,39.47021175,40.98681198,44.25610435,43.46745793,42.97529548,48.67529841,52.68517902,52.00078759,55.88008006,61.39968436,65.88031862,63.44389115
Kosovo,42.41822583,47.01664746,43.0230028,42.78645818,43.78775878,44.23249387,45.53432384,48.46418711,58.2354873,55.49218159,55.43903799,56.69177188
"Yemen, Rep.",34.96871132,34.74093667,,,,,,,,,,
South Africa,66.5502676,64.98076343,65.23814256,67.30187928,66.31202208,66.14476649,66.13685619,66.90916486,74.03882567,69.99466047,71.06639907,72.45183758
Zambia,19.57691459,20.51279242,20.92697941,25.77264533,20.62356849,21.96324817,22.89349379,23.59809649,31.20596202,24.33118285,27.12712064,29.94854282
Zimbabwe,21.72807383,20.36548291,22.4519857,23.72444205,27.43865562,12.21125818,14.37926159,16.50443281,14.87152689,14.90190815,18.81817922,14.14667669
