Country,Indicator Code,GDP growth (annual %) 2012,GDP growth (annual %) 2013,GDP growth (annual %) 2014,GDP growth (annual %) 2015,GDP growth (annual %) 2016,GDP growth (annual %) 2017,GDP growth (annual %) 2018,GDP growth (annual %) 2019,GDP growth (annual %) 2020,GDP growth (annual %) 2021,GDP growth (annual %) 2022,GDP growth (annual %) 2023
Aruba,NY.GDP.MKTP.KD.ZG,-1.040799884,6.431482604,-1.586575138,-0.623625902,1.71962498,7.048533386,2.397085276,-2.232440392,-26.21182078,24.13262736,8.517918105,4.263719415
Africa Eastern and Southern,NY.GDP.MKTP.KD.ZG,1.746871185,4.341457845,3.992862552,3.004936899,2.194760891,2.684543054,2.666631828,2.194318527,-2.864292511,4.576392802,3.553878364,2.320137802
Afghanistan,NY.GDP.MKTP.KD.ZG,12.75228709,5.600744659,2.724543362,1.451314661,2.260314203,2.647003203,1.189228129,3.911603416,-2.351100672,-20.73883937,-6.240171992,2.710886791
Africa Western and Central,NY.GDP.MKTP.KD.ZG,5.168218837,6.160028843,5.920022961,2.720364536,0.160782097,2.28981038,2.844755417,3.232902512,-1.00399404,4.037629514,3.789679846,3.354732819
Angola,NY.GDP.MKTP.KD.ZG,8.542107076,4.954613031,4.82255927,0.943571561,-2.580049644,-0.147212941,-1.316361689,-0.702272958,-5.638214717,1.199210521,3.044726524,1.00128936
Albania,NY.GDP.MKTP.KD.ZG,1.4172428,1.002017541,1.774448853,2.218726375,3.314980684,3.80259872,4.019345617,2.06256754,-3.313716147,8.969553392,4.826688314,3.936625257
Andorra,NY.GDP.MKTP.KD.ZG,-4.974443719,-3.547596515,2.504465521,1.434140395,3.70967807,0.34607189,1.58876549,2.015547638,-11.18393994,8.28677879,9.564612256,2.58355481
Arab World,NY.GDP.MKTP.KD.ZG,5.002705661,2.550328132,2.522351465,3.243988903,3.614306799,1.537753314,2.630040035,1.583714664,-4.711784243,4.031106353,5.721433109,1.020751343
United Arab Emirates,NY.GDP.MKTP.KD.ZG,1.824480789,5.055559654,4.165691843,6.786772879,5.561490755,0.735068713,1.313913881,1.108348139,-4.957052437,4.354755299,7.509697032,3.618706535
Argentina,NY.GDP.MKTP.KD.ZG,-1.026420454,2.405323781,-2.512615321,2.731159828,-2.080327844,2.818502978,-2.617396463,-2.000861003,-9.900484814,10.44181199,5.269879674,-1.611001621
Armenia,NY.GDP.MKTP.KD.ZG,7.200000001,3.3,3.600000001,3.199999999,0.2,7.500000002,5.2,7.599999999,-7.199999999,5.800000001,12.6,8.3
American Samoa,NY.GDP.MKTP.KD.ZG,-4.334828102,-2.5,1.762820513,3.149606299,-1.679389313,-6.98757764,2.671118531,-0.487804878,4.411764706,-0.782472613,1.735015773,
Antigua and Barbuda,NY.GDP.MKTP.KD.ZG,3.372835252,-0.600715512,2.211452513,1.445155299,4.099765539,2.463333366,6.953186092,3.10044515,-18.8803992,8.191718462,9.516395644,3.862012187
Australia,NY.GDP.MKTP.KD.ZG,3.916709425,2.602193394,2.595284116,2.190169287,2.759385972,2.279591798,2.878469715,2.171545057,-0.119590736,2.111168148,4.242385553,3.4419922
Austria,NY.GDP.MKTP.KD.ZG,0.628246179,-0.250726546,0.755799077,1.303523098,2.117219671,2.27225012,2.484220867,1.754976456,-6.318255287,4.795329106,5.277894212,-0.954962367
Azerbaijan,NY.GDP.MKTP.KD.ZG,2.165239475,5.809800843,2.750506815,1.093975916,-3.09999988,0.199999939,1.5,2.500000067,-4.300000102,5.616451029,4.714802365,1.123974327
Burundi,NY.GDP.MKTP.KD.ZG,4.446706331,4.924189898,4.240650214,-3.90000008,-0.600000909,0.500001262,1.609935421,1.812565324,0.327156893,3.099999999,1.848999439,2.700000597
Belgium,NY.GDP.MKTP.KD.ZG,0.215803673,0.305494479,1.765540382,1.474164386,1.19350264,1.474467657,1.877968572,2.442890066,-4.792983897,6.202554016,4.233431834,1.251700632
Benin,NY.GDP.MKTP.KD.ZG,4.811223316,7.191433721,6.357679098,1.77815106,3.339673426,5.671561952,6.697253622,6.865686628,3.8487924,7.155451646,6.253244914,6.352821609
Burkina Faso,NY.GDP.MKTP.KD.ZG,6.45267238,5.792584845,4.326845615,3.921228794,5.957976708,6.203489411,6.604569068,5.889204971,2.010772624,6.942524926,1.497239741,2.960181474
Bangladesh,NY.GDP.MKTP.KD.ZG,6.521458779,6.013605658,6.061059359,6.552639878,7.113478213,6.590249998,7.31941263,7.881915151,3.448017551,6.938679124,7.099828776,5.77511237
Bulgaria,NY.GDP.MKTP.KD.ZG,0.748814897,-0.542751603,0.949448985,3.397553259,3.026628931,2.745926447,2.549464347,3.788850365,-3.215737434,7.780614814,4.038777583,1.886814839
Bahrain,NY.GDP.MKTP.KD.ZG,3.80302899,5.292622249,4.308856927,2.507872053,3.814993274,4.953835341,2.05258865,2.052877744,-5.911362952,4.350040917,5.981302822,2.980792767
"Bahamas, The",NY.GDP.MKTP.KD.ZG,2.997903207,-2.863309257,1.847260843,0.996758611,-0.961908777,2.799518639,2.62988986,-1.357265209,-21.42346307,15.40314894,10.7820132,2.639055981
Bosnia and Herzegovina,NY.GDP.MKTP.KD.ZG,-0.821836474,2.349856663,1.153851092,4.314750611,3.242255212,3.244100959,3.827499205,2.887343344,-3.015095148,7.38996234,4.226811011,2.211124472
Belarus,NY.GDP.MKTP.KD.ZG,1.70785257,0.998719279,1.651124685,-3.829570558,-2.526446436,2.5321835,3.149197594,1.446455477,-0.672742951,2.438862124,-4.658395916,3.886242145
Belize,NY.GDP.MKTP.KD.ZG,3.737775786,4.454326007,4.030845578,2.876183795,0.054551654,-1.812853541,1.11057125,4.267636896,-13.90291006,17.74617012,9.652977724,1.149016821
Bermuda,NY.GDP.MKTP.KD.ZG,-5.305299107,-0.279708545,-3.701067594,0.7755297,-0.657206304,3.611419837,-0.4328013,0.306266735,-6.842869643,5.41909484,6.431133996,-0.094823593
Bolivia,NY.GDP.MKTP.KD.ZG,5.122275581,6.796011428,5.460569575,4.857187232,4.263920838,4.195206301,4.223623511,2.216705778,-8.737884434,6.111372752,3.605680383,3.081965241
Brazil,NY.GDP.MKTP.KD.ZG,1.921175986,3.004822669,0.50395574,-3.545763393,-3.275916908,1.322869054,1.783666762,1.220777824,-3.276758796,4.762604379,3.016694354,2.908480487
Barbados,NY.GDP.MKTP.KD.ZG,-0.313311151,-1.010381846,0.082405478,-0.846098521,1.791930334,0.128446002,-1.174065094,0.652585418,-15.05436295,-0.25496588,17.83286303,4.09382011
Brunei Darussalam,NY.GDP.MKTP.KD.ZG,0.913135324,-2.124783186,-2.507887216,-0.392383488,-2.477917765,1.328726513,0.052371054,3.868844164,1.133573406,-1.590762481,-1.62833154,1.407068323
Bhutan,NY.GDP.MKTP.KD.ZG,5.164820108,1.736340397,5.881085491,6.66080134,8.475943355,2.086845258,3.501871837,5.755148506,-10.21839741,4.421367402,5.213867811,
Botswana,NY.GDP.MKTP.KD.ZG,-0.170900761,11.10282378,5.694777382,-4.85133564,7.204424759,4.114363663,4.188093554,3.032202574,-8.728752526,11.92063651,5.486028178,2.73379817
Central African Republic,NY.GDP.MKTP.KD.ZG,5.053761254,-36.3919771,0.081070515,4.33712103,4.750316841,4.527278213,3.789443593,3.1,0.899999997,0.982919996,0.502110003,0.870251451
Canada,NY.GDP.MKTP.KD.ZG,1.755661325,2.325813574,2.873466772,0.649970994,1.038550935,3.033834903,2.742963431,1.908431925,-5.038233441,5.286956891,3.819866339,1.248927304
Central Europe and the Baltics,NY.GDP.MKTP.KD.ZG,0.845589815,0.646684568,3.252140177,4.006392316,2.784150368,5.121376975,5.040763788,4.005992822,-3.329068508,6.53215013,4.067238251,0.639830853
Switzerland,NY.GDP.MKTP.KD.ZG,1.179253833,1.792144057,2.349881275,1.644627687,2.068689667,1.362799557,2.860445795,1.141982325,-2.141737207,5.391888041,2.568328178,0.716066869
Channel Islands,NY.GDP.MKTP.KD.ZG,-5.753661743,0.493931288,2.427101949,0.374367231,1.213024612,1.806480201,1.122244681,1.573355158,-8.896779523,9.936801364,5.341961831,3.715005661
Chile,NY.GDP.MKTP.KD.ZG,6.155340021,3.308508245,1.792649474,2.151942499,1.753038746,1.357695378,3.990029475,0.634367534,-6.143474792,11.33395707,2.058740081,0.218780667
China,NY.GDP.MKTP.KD.ZG,7.863736449,7.766150098,7.425763656,7.041328879,6.848762205,6.947200793,6.749773832,5.950500754,2.238638356,8.448469417,2.95066993,5.249557864
Cote d'Ivoire,NY.GDP.MKTP.KD.ZG,7.620411765,10.76021313,9.371999942,7.194949427,7.17275964,7.410762426,4.843146059,6.721371676,0.699728593,7.063329102,6.217850913,6.2
Cameroon,NY.GDP.MKTP.KD.ZG,4.625978722,4.995529161,5.719818145,5.666952987,4.535794237,3.541176549,3.955514239,3.475059982,0.259932916,3.338857472,3.736784006,3.248344978
"Congo, Dem. Rep.",NY.GDP.MKTP.KD.ZG,7.086898947,8.481956636,9.470288099,6.916167119,2.399398911,3.726947659,5.8211211,4.384528874,1.735422767,6.200154011,8.924447626,8.560862509
"Congo, Rep.",NY.GDP.MKTP.KD.ZG,9.947153143,-0.712434452,6.646065409,0.415193061,-8.685243439,-5.594773719,-2.304317801,1.12447392,-6.26777228,1.01507037,1.475356132,1.906864263
Colombia,NY.GDP.MKTP.KD.ZG,3.912635767,5.13399352,4.499030001,2.955901375,2.087382502,1.359360868,2.564324283,3.186855392,-7.185914138,10.80119819,7.288883887,0.610409566
Comoros,NY.GDP.MKTP.KD.ZG,3.168409869,4.466247315,2.106657589,1.147350761,3.320446562,3.815762877,3.642451138,1.760780239,-0.195556827,2.000161989,2.603010319,2.995674572
Cabo Verde,NY.GDP.MKTP.KD.ZG,1.083648484,0.632136727,0.69666684,0.936026508,4.280714827,4.55131481,3.706964583,6.947826341,-20.8052759,7.033530107,15.84367568,5.475435916
Costa Rica,NY.GDP.MKTP.KD.ZG,4.88259241,2.494766112,3.542109878,3.652080968,4.204323252,4.157698963,2.615904404,2.417511818,-4.273354322,7.935762247,4.55149178,5.111921832
Caribbean small states,NY.GDP.MKTP.KD.ZG,2.263326268,0.094997916,1.75556127,0.21376548,0.394020894,1.863155974,2.778988927,1.055087902,-9.602316206,10.44295582,23.0676038,12.55763465
Cuba,NY.GDP.MKTP.KD.ZG,3.014900289,2.747602563,1.047576632,4.438333589,0.512843096,1.809791772,2.247948541,-0.163087224,-10.9490846,1.253693425,1.774853995,-1.928992112
Curacao,NY.GDP.MKTP.KD.ZG,-0.348950824,-0.635696908,-0.637397373,0.458151544,-1.067708487,-1.276208101,-2.104111331,-3.206132196,-18.43847035,4.183711931,6.906,4.202
Cayman Islands,NY.GDP.MKTP.KD.ZG,1.229753657,1.27933102,2.654527985,2.833122226,3.239974339,3.184045923,4.267267452,3.915635342,-4.954806408,4.904929413,5.156329542,4.359675957
Cyprus,NY.GDP.MKTP.KD.ZG,-3.447381424,-6.587476957,-1.776061811,3.41892299,6.573591005,5.75083246,6.271667304,5.87559123,-3.220634336,11.38776336,7.365622524,2.611900909
Czechia,NY.GDP.MKTP.KD.ZG,-0.770668176,-0.041812408,2.245212186,4.95875849,2.580870147,5.173565288,2.830305894,3.565776572,-5.304879546,4.029018306,2.847170657,-0.085330276
Germany,NY.GDP.MKTP.KD.ZG,0.474291306,0.386224576,2.169498929,1.652719772,2.294710677,2.716024519,1.116443109,0.987893349,-4.095137491,3.669999862,1.369731055,-0.26643841
Djibouti,NY.GDP.MKTP.KD.ZG,,,7.061543242,7.526108919,7.123432337,5.458091517,4.774416888,5.5451306,1.316363242,4.522347746,3.72857647,6.676649644
Dominica,NY.GDP.MKTP.KD.ZG,-1.059000243,-0.999940631,4.753786581,-2.731503063,2.763647982,-6.618994633,3.547584418,5.502483437,-16.60410952,6.890549417,5.583546263,4.712238185
Denmark,NY.GDP.MKTP.KD.ZG,-0.005432319,1.39267347,1.277999794,2.104414587,3.073045475,3.056477244,1.860007489,1.711400944,-1.780105988,7.38206629,1.540173107,2.495184331
Dominican Republic,NY.GDP.MKTP.KD.ZG,2.717367897,4.875205093,7.05046369,6.927018772,6.659200263,4.666704677,6.982527585,5.05216802,-6.720239373,12.27199023,4.858324036,2.360615687
Algeria,NY.GDP.MKTP.KD.ZG,2.4,2.6,4.1,3.2,3.9,1.5,1.4,0.9,-5,3.8,3.6,4.1
East Asia & Pacific (excluding high income),NY.GDP.MKTP.KD.ZG,7.580791724,7.299654416,6.985937984,6.707662159,6.56660652,6.709818835,6.527937635,5.784281465,1.243677937,7.602320292,3.386209854,5.107448859
Early-demographic dividend,NY.GDP.MKTP.KD.ZG,4.183190334,4.051906648,4.121561447,4.405667127,4.419305918,4.641299833,3.842495766,2.357443408,-4.176095459,7.408846294,5.520735698,4.313112021
East Asia & Pacific,NY.GDP.MKTP.KD.ZG,5.18379286,5.245845322,4.759441944,4.728501051,4.659569583,5.052708559,4.759993731,3.961914807,-0.13403868,6.220399975,2.868762261,4.104145625
Europe & Central Asia (excluding high income),NY.GDP.MKTP.KD.ZG,4.048804156,6.501388158,3.356647692,3.571058246,2.775969722,5.824971735,3.499958119,2.307119781,0.291994242,9.044848348,3.103651611,5.042546178
Europe & Central Asia,NY.GDP.MKTP.KD.ZG,0.311740903,0.86977692,1.942652549,2.098396074,1.880092048,2.87445949,2.121661818,1.855910001,-5.410367964,6.744232825,3.245424922,1.016144329
Ecuador,NY.GDP.MKTP.KD.ZG,5.783212336,7.211236537,4.226065204,0.119692109,-0.687954246,5.97039881,1.044295547,0.165403533,-9.245096377,9.818417748,6.186139073,2.355217907
"Egypt, Arab Rep.",NY.GDP.MKTP.KD.ZG,2.226199799,2.185466054,2.91591188,4.372019078,4.346643456,4.181221,5.331108619,5.552093072,3.550164838,3.290646012,6.587845609,3.758700552
Euro area,NY.GDP.MKTP.KD.ZG,-0.917843012,-0.169752032,1.452001019,2.14103196,1.822468559,2.597494948,1.768485843,1.628394652,-6.048673354,6.361155565,3.546043469,0.401418498
Eritrea,NY.GDP.MKTP.KD.ZG,,,,,,,,,,,,
Spain,NY.GDP.MKTP.KD.ZG,-2.865113673,-1.427322192,1.520485923,4.060866697,2.915156028,2.896042081,2.395411204,1.961178532,-10.94007066,6.683144185,6.179312226,2.675663493
Estonia,NY.GDP.MKTP.KD.ZG,3.672021159,1.756494612,3.322787536,1.838157048,3.093015834,5.634674322,3.69969444,3.726653182,-2.883810041,7.154447483,0.060427832,-3.023035841
Ethiopia,NY.GDP.MKTP.KD.ZG,8.647811633,10.58227005,10.25749296,10.39246302,9.433482658,9.564189643,6.816147797,8.364085699,6.059530886,5.641530717,5.321176284,6.498134642
European Union,NY.GDP.MKTP.KD.ZG,-0.761009906,-0.037626217,1.628453683,2.370901228,1.943938831,2.795465834,2.049971859,1.875721582,-5.576921085,6.357771334,3.497703287,0.427838269
Fragile and conflict affected situations,NY.GDP.MKTP.KD.ZG,5.569059483,3.540135901,2.348448227,0.820425464,2.166921687,2.563937442,2.715346787,2.293659501,-5.060523415,2.476908576,1.098739163,1.81242145
Finland,NY.GDP.MKTP.KD.ZG,-1.522840285,-0.979741028,-0.478068319,0.466503518,2.571934232,3.303370161,1.19297773,1.349738438,-2.49103621,2.734713486,1.450048073,-1.163962815
Fiji,NY.GDP.MKTP.KD.ZG,1.411314382,4.73421949,5.603514896,4.501199383,2.445652008,5.353364937,3.81235097,-0.581946371,-17.03866753,-4.881036056,19.79272669,7.524290882
France,NY.GDP.MKTP.KD.ZG,0.183835271,0.781756446,0.997832938,1.066754735,0.860031082,2.083614851,1.645908729,2.027446476,-7.44064593,6.882337866,2.570840474,0.936487503
Faroe Islands,NY.GDP.MKTP.KD.ZG,7.081483445,5.856143897,5.432142068,0.958001934,1.386447959,3.512013675,2.763709523,4.538510287,-1.63732118,5.504380173,3.556023804,2.489058117
"Micronesia, Fed. Sts.",NY.GDP.MKTP.KD.ZG,-1.866819755,-3.679767791,-2.305775745,4.621884004,0.484101802,0.823045267,0,4.081632653,-1.960784314,2.8,-0.778210117,0.784313725
Gabon,NY.GDP.MKTP.KD.ZG,5.251076918,5.638699003,4.314964441,3.878899395,2.091442208,0.472642031,0.837916581,3.920808795,-1.837761064,1.467957315,3.037614495,2.445880831
United Kingdom,NY.GDP.MKTP.KD.ZG,1.508998374,1.799921494,3.194637313,2.222888449,1.921710078,2.656504893,1.405190266,1.624475159,-10.29691887,8.575950905,4.839085147,0.339966158
Georgia,NY.GDP.MKTP.KD.ZG,6.57883102,5.132885312,4.090490596,3.351023503,3.45021518,5.159902617,6.062036413,5.380719266,-6.290471785,10.64423366,10.95853214,7.832201215
Ghana,NY.GDP.MKTP.KD.ZG,9.292789406,7.312525017,2.856240163,2.120759338,3.37346575,8.128894881,6.200077681,6.507774794,0.513941671,5.076466435,3.817504621,2.944785831
Gibraltar,NY.GDP.MKTP.KD.ZG,,,,,,,,,,,,
Guinea,NY.GDP.MKTP.KD.ZG,5.915286261,3.945687086,3.696553117,3.825910569,10.8206272,10.30000534,6.358491927,5.616914469,4.704590961,5.582332811,3.972407842,6.744934446
"Gambia, The",NY.GDP.MKTP.KD.ZG,5.241569246,2.87276879,-1.407382495,4.058073804,1.943359655,4.822611249,7.234890333,6.22205316,0.591487288,5.255968788,5.49299823,4.797508952
Guinea-Bissau,NY.GDP.MKTP.KD.ZG,-1.712869584,3.256071909,0.964525746,6.134089362,5.306596331,4.788991619,3.761453596,5.55045565,1.495274437,6.182676683,4.605831807,5.199268297
Equatorial Guinea,NY.GDP.MKTP.KD.ZG,8.312871844,-4.133198501,0.415066302,-9.110041149,-8.816417232,-5.667508505,-6.236544067,-5.481825379,-4.791080834,0.860269956,3.223508317,-5.089308721
Greece,NY.GDP.MKTP.KD.ZG,-8.331133959,-2.272116922,0.792225038,-0.228301959,-0.031795213,1.473124985,2.064672533,2.277180636,-9.196231471,8.654497853,5.74364919,2.332123883
Grenada,NY.GDP.MKTP.KD.ZG,-1.154838164,2.351098017,7.34212396,6.445223147,3.739603956,4.438675669,4.361440394,0.676511739,-13.75662226,4.687478169,7.320740616,3.566128618
Greenland,NY.GDP.MKTP.KD.ZG,1.39419336,-1.298280693,4.742135673,-2.529318024,4.68195411,0.052728183,0.623065429,2.832177568,0.187608794,1.290210488,,
Guatemala,NY.GDP.MKTP.KD.ZG,2.974708568,3.694819199,4.443977583,4.092170816,2.677802555,3.079851491,3.4068734,4.017897934,-1.785551945,8.033267715,4.200155889,3.526792142
Guam,NY.GDP.MKTP.KD.ZG,2.13385063,1.690408357,1.793051924,0.825688073,0.181983621,0.890099909,-0.828231905,2.523602033,-10.51885957,2.058183257,5.099864262,
Guyana,NY.GDP.MKTP.KD.ZG,5.27633062,3.653384333,1.68649445,0.687404591,3.807456264,3.734491546,4.440912885,5.352840035,43.47965172,20.06002806,63.33458716,33.80261709
High income,NY.GDP.MKTP.KD.ZG,1.449944838,1.606408264,2.14757822,2.33977306,1.82381589,2.463333375,2.364554227,1.906097583,-3.86785581,5.778494231,2.898925841,1.779980693
"Hong Kong SAR, China",NY.GDP.MKTP.KD.ZG,1.700288999,3.101508347,2.762422858,2.387777134,2.175431356,3.796104066,2.846927701,-1.672391239,-6.544767573,6.454408241,-3.683571131,3.276526256
Honduras,NY.GDP.MKTP.KD.ZG,4.128687749,2.791559757,3.058080562,3.840079971,3.892972197,4.842913911,3.84499477,2.559634346,-8.965082233,12.56528438,4.14356194,3.582603626
Heavily indebted poor countries (HIPC),NY.GDP.MKTP.KD.ZG,4.012663591,5.836886462,5.849822072,4.694812759,4.45300762,5.042741952,4.181503167,4.424409403,0.23286652,4.266050974,4.810998344,3.981315841
Croatia,NY.GDP.MKTP.KD.ZG,-2.253745581,-0.125449826,-0.557150197,2.323175158,3.461129474,3.280958121,2.904681493,3.100439114,-8.311642579,12.63170033,7.287936432,3.302544881
Haiti,NY.GDP.MKTP.KD.ZG,0.502424404,4.324784115,2.888772509,1.400000009,1.812468078,2.510271345,1.667810955,-1.723096998,-3.30550547,-1.798239889,-1.681983969,-1.863884203
Hungary,NY.GDP.MKTP.KD.ZG,-1.250226023,1.802522101,4.232209806,3.707315979,2.201001893,4.271976016,5.362348362,4.864225735,-4.487046048,7.06122061,4.583407673,-0.907685956
IBRD only,NY.GDP.MKTP.KD.ZG,5.445136801,5.212406215,4.806613967,4.389669371,4.557913049,5.24270151,4.941768868,3.968120592,-1.326522039,7.540770624,3.561485841,4.568027852
IDA & IBRD total,NY.GDP.MKTP.KD.ZG,5.284156384,5.219624757,4.85966014,4.309269718,4.456433551,5.145093749,4.895994628,3.969397492,-1.291510788,7.306454494,3.617080896,4.464557484
IDA total,NY.GDP.MKTP.KD.ZG,3.417491916,5.304969194,5.485604957,3.366660573,3.254908513,3.974826459,4.340492602,3.984982856,-0.864245918,4.460277709,4.312293789,3.172374324
IDA blend,NY.GDP.MKTP.KD.ZG,4.372218641,5.501075195,5.58202143,3.699027541,2.062256788,2.55300616,3.820235084,2.841576525,-1.523520183,5.172331114,4.256206737,2.530259915
Indonesia,NY.GDP.MKTP.KD.ZG,6.030050653,5.557263689,5.006668426,4.8763223,5.033069183,5.069785901,5.17429154,5.01928768,-2.065511829,3.702885628,5.307419348,5.048105771
IDA only,NY.GDP.MKTP.KD.ZG,2.524391897,5.118215321,5.393643462,3.049084194,4.401673765,5.311309034,4.816715573,5.021661205,-0.278917782,3.835980523,4.362101325,3.748417005
Isle of Man,NY.GDP.MKTP.KD.ZG,7.303890305,4.141862742,5.15509985,-0.385867274,6.952303657,2.837757415,2.21339675,0.254878786,-8.8368174,3.837836666,,
India,NY.GDP.MKTP.KD.ZG,5.456387552,6.386106401,7.410227605,7.996253786,8.256305502,6.795383419,6.453851345,3.871436941,-5.777724707,9.689592492,6.987039326,8.152936311
Not classified,NY.GDP.MKTP.KD.ZG,,,,,,,,,,,,
Ireland,NY.GDP.MKTP.KD.ZG,-0.398959965,2.192175744,9.336033729,24.61556998,1.22263861,10.04962854,7.544341908,5.040550288,7.157898831,16.25561324,8.619503552,-5.530007361
"Iran, Islamic Rep.",NY.GDP.MKTP.KD.ZG,-3.747171399,-1.521979205,4.984775067,-1.424884939,8.815086643,2.758505246,-1.838007571,-3.070587985,3.330288459,4.719777732,3.776631402,5.044890511
Iraq,NY.GDP.MKTP.KD.ZG,13.93643017,7.628285923,2.263688176,2.606766429,13.78737302,-1.819750351,2.633850991,5.513790575,-12.03679309,1.50218071,7.639811402,-2.93555774
Iceland,NY.GDP.MKTP.KD.ZG,1.063636607,4.55246032,1.687215018,4.436663719,6.303687107,4.194948829,4.889172995,1.861177943,-6.940453095,5.254209753,8.992507613,5.03717944
Israel,NY.GDP.MKTP.KD.ZG,2.540804593,4.230599674,3.885324239,2.313510735,4.367283642,4.273421788,4.074476006,3.785141452,-1.464605643,9.343907746,6.470371502,2.42300691
Italy,NY.GDP.MKTP.KD.ZG,-3.125238795,-1.818025061,-0.00138764,0.885667638,1.236221107,1.603699946,0.826646697,0.429162534,-8.86822121,8.931062066,4.661762651,0.697632994
Jamaica,NY.GDP.MKTP.KD.ZG,-0.61363604,0.517686013,0.689822357,0.921487125,1.375223064,0.997123062,1.889923681,0.892291654,-9.920322449,4.601424504,5.221519847,2.200061472
Jordan,NY.GDP.MKTP.KD.ZG,2.429358001,2.609947375,3.384078099,2.496528793,1.994180849,2.473598154,1.919070913,1.751240779,-1.102751883,3.65564191,2.647436164,2.678271538
Japan,NY.GDP.MKTP.KD.ZG,1.374750999,2.005100177,0.296205514,1.560626697,0.753826746,1.675331752,0.643391023,-0.402169201,-4.147118899,2.559320239,0.954736938,1.679019523
Kazakhstan,NY.GDP.MKTP.KD.ZG,4.799999995,5.999999997,4.200000006,1.200000001,1.099999999,4.100000003,4.099999993,4.500000001,-2.499999996,4.299999997,3.2,5.1
Kenya,NY.GDP.MKTP.KD.ZG,4.568679614,3.797848393,5.020111002,4.967721128,4.213517068,3.837958174,5.647946407,5.114158858,-0.272766327,7.590489473,4.859981043,5.555873013
Kyrgyz Republic,NY.GDP.MKTP.KD.ZG,-0.0881502,10.91546945,4.024038631,3.875825445,4.335855922,4.739937224,3.757910136,4.600625657,-7.148977577,5.507007627,8.9675052,6.151391837
Cambodia,NY.GDP.MKTP.KD.ZG,7.650256579,7.857499755,8.000320746,7.207034725,7.905501161,8.075039155,8.776223762,7.936950136,-3.555721934,3.089842841,5.103368887,4.960066589
Kiribati,NY.GDP.MKTP.KD.ZG,5.803641006,7.730912864,1.263670229,11.2653381,7.088029601,3.749130019,3.4794388,3.264259304,-0.562016449,8.522661217,3.905352807,4.124590543
St. Kitts and Nevis,NY.GDP.MKTP.KD.ZG,-0.737636737,5.727280872,7.576966023,0.694135528,3.932703193,0.220941147,2.003525498,2.831267379,-15.35445176,0.479678357,10.52284928,2.284948091
"Korea, Rep.",NY.GDP.MKTP.KD.ZG,2.402530992,3.164708636,3.202453795,2.809103268,2.946881715,3.15963574,2.907403774,2.24397786,-0.709415359,4.304734819,2.612672192,1.356733243
Kuwait,NY.GDP.MKTP.KD.ZG,6.625875037,1.149464448,0.500915351,0.592771759,2.926073901,-4.71222158,2.743330539,2.263816906,-4.817428606,2.260806098,5.859208873,-3.640425903
Latin America & Caribbean (excluding high income),NY.GDP.MKTP.KD.ZG,2.371190492,2.76541723,1.295902117,0.292412438,-0.483626127,2.017476067,1.565365654,0.627524013,-6.469955035,6.863152703,3.849238889,2.072132928
Lao PDR,NY.GDP.MKTP.KD.ZG,8.026098435,8.026300227,7.61196344,7.270065844,7.022836255,6.892530873,6.247960008,5.457735092,0.503031829,2.528351005,2.707426526,3.745681402
Lebanon,NY.GDP.MKTP.KD.ZG,2.564791337,3.827873499,2.484060105,0.462320793,1.554549409,0.903028464,-1.884705756,-6.914924729,-21.39989969,-7.001238625,-0.621678971,
Liberia,NY.GDP.MKTP.KD.ZG,7.993814446,8.687287816,0.7013931,-0.01856497,-1.554958617,2.45515592,1.157575122,-2.467297635,-2.982491276,4.986712835,4.808105173,4.683756888
Libya,NY.GDP.MKTP.KD.ZG,86.82674844,-17.99796157,-23.04280583,-0.842656252,-1.490941117,32.49180219,7.941367853,-11.19608289,-29.45529673,28.33346246,-8.251630041,10.15581818
St. Lucia,NY.GDP.MKTP.KD.ZG,-0.108756148,-2.005024374,1.520874352,0.100928143,3.428096951,3.381374723,2.886197652,-0.700859002,-24.36115535,11.59947362,20.38676757,2.21007266
Latin America & Caribbean,NY.GDP.MKTP.KD.ZG,2.567692095,2.756189305,1.333574352,0.401673201,-0.337640934,1.892130639,1.574492149,0.683718079,-6.594182117,7.048947577,3.963515512,2.08842613
Least developed countries: UN classification,NY.GDP.MKTP.KD.ZG,3.203737873,5.861724325,5.649055901,2.635906891,3.728624839,4.554727748,4.607451922,5.075955233,-0.112639131,2.830079741,4.640437711,3.431061038
Low income,NY.GDP.MKTP.KD.ZG,-3.1523702,3.597485725,4.404795545,-0.732224959,2.049410162,3.11406382,3.39941961,4.299694201,0.320842852,2.174783405,3.66998545,2.23905393
Liechtenstein,NY.GDP.MKTP.KD.ZG,,,,,,,,,,,,
Sri Lanka,NY.GDP.MKTP.KD.ZG,8.63218138,4.051746329,6.377978893,4.205955476,5.053624893,6.460681271,2.310084252,-0.220483886,-4.624515037,4.207476495,-7.346791236,-2.298010562
Lower middle income,NY.GDP.MKTP.KD.ZG,5.164810604,5.678647658,6.11853677,5.935350981,5.700618839,5.464120268,5.441691796,4.080214853,-3.599056405,6.660980441,5.835270947,5.546388614
Low & middle income,NY.GDP.MKTP.KD.ZG,5.476508851,5.603734133,5.172627862,4.718561613,4.763005471,5.342568671,4.990446858,4.073281001,-1.119716999,7.337700987,3.815296992,4.611459008
Lesotho,NY.GDP.MKTP.KD.ZG,6.334083747,1.792525556,1.710549905,3.12406678,3.608907317,-3.138174937,-1.480633158,-1.417993831,-8.155958799,2.26671067,2.387780202,1.826625259
Late-demographic dividend,NY.GDP.MKTP.KD.ZG,5.809616115,5.612876711,5.235144021,4.710039711,4.463048849,5.317769011,5.422399288,4.655641578,0.212543196,7.480010748,3.141934606,4.149421273
Lithuania,NY.GDP.MKTP.KD.ZG,4.382905596,4.046914351,3.772541315,2.832808577,2.671920199,4.612243146,4.918369795,4.677351558,0.042814017,6.380016762,2.537525009,0.342262552
Luxembourg,NY.GDP.MKTP.KD.ZG,1.64990203,3.171790499,2.623086016,2.269784484,4.978190437,1.317187663,1.219321919,2.915847915,-0.909829799,7.168401987,1.380185891,-1.095723616
Latvia,NY.GDP.MKTP.KD.ZG,7.305240455,2.096091141,2.094959596,3.78336529,2.551685854,3.398949378,4.309710888,0.675375257,-3.469229153,6.947233162,1.812682402,1.70679525
"Macao SAR, China",NY.GDP.MKTP.KD.ZG,9.242227734,10.75287221,-2.048465216,-21.51435875,-0.679119308,9.860121945,6.405365321,-2.563467574,-54.3361546,23.53598889,-19.60933637,75.06137693
St. Martin (French part),NY.GDP.MKTP.KD.ZG,,,,1,5,-8.00000324,-7.999995069,6.500003637,-12.50000225,4.899999671,,
Morocco,NY.GDP.MKTP.KD.ZG,3.062343685,4.122212869,2.71924408,4.344582976,0.521185506,5.057898162,3.06564133,2.890974761,-7.178207442,8.154738898,1.52720358,3.403341301
Monaco,NY.GDP.MKTP.KD.ZG,1.012218412,9.577098324,7.187027775,4.910371765,3.008443588,-3.206183238,5.697901212,7.12088952,-13.23910483,22.23221559,11.04693943,5.043382592
Moldova,NY.GDP.MKTP.KD.ZG,-0.589733955,9.043865607,4.999625854,-0.338235622,4.646014363,4.175612051,4.075595466,3.552314085,-8.27597832,13.92999979,-5.015482319,0.78324271
Madagascar,NY.GDP.MKTP.KD.ZG,3.011148116,2.300376228,3.339203112,3.132298075,3.993146062,3.933307595,3.194356517,4.411232129,-7.137671621,5.739615739,3.999999999,3.8
Maldives,NY.GDP.MKTP.KD.ZG,2.363747489,6.963246632,7.801094807,3.971715703,6.572236066,7.054539014,8.668006242,7.298335745,-32.90882878,37.50787012,13.82608952,4.72639189
Middle East & North Africa,NY.GDP.MKTP.KD.ZG,3.932616974,2.158479946,2.939243811,2.561814264,4.351957491,1.977098479,2.26848468,1.261511646,-3.417689588,4.802550975,5.63441269,1.977247044
Mexico,NY.GDP.MKTP.KD.ZG,3.55321076,0.852101559,2.503763503,2.702323426,1.772493238,1.871728533,1.972082102,-0.392690522,-8.354034557,6.048483443,3.689111093,3.199981166
Marshall Islands,NY.GDP.MKTP.KD.ZG,-1.290684624,3.808982376,-1.25958379,1.885745979,2.504082744,3.558151885,5.487179487,10.45211473,-2.772887324,1.222272522,-1.118067979,-3.934871099
Middle income,NY.GDP.MKTP.KD.ZG,5.640411055,5.638670202,5.185739035,4.810945858,4.806565229,5.377400476,5.014780686,4.069871411,-1.141458515,7.416774434,3.817413926,4.644827063
North Macedonia,NY.GDP.MKTP.KD.ZG,-0.456183224,2.925257665,3.629123513,3.85586514,2.848205194,1.081772738,2.88059671,3.910419538,-4.68845001,4.51067949,2.758884153,2.072749779
Mali,NY.GDP.MKTP.KD.ZG,-0.836734632,2.29506829,7.084683881,6.171800024,5.852299199,5.305456084,4.746484327,4.756160808,-1.235450447,3.052613569,3.474951711,4.656775991
Malta,NY.GDP.MKTP.KD.ZG,4.102590303,6.291715744,7.631129375,9.621097562,4.077719295,12.97211934,7.189096537,4.084706028,-3.474687509,13.4603052,4.147882816,7.498512459
Myanmar,NY.GDP.MKTP.KD.ZG,7.332670447,8.426001025,8.169907456,6.99284029,5.862472915,6.136108244,6.268862215,6.579110068,-9.04834718,-12.01637248,4.037493436,0.958446625
Middle East & North Africa (excluding high income),NY.GDP.MKTP.KD.ZG,3.551675766,0.454910091,2.058217054,0.493359681,5.403578961,3.121705102,1.815275191,0.905110666,-3.220417691,4.333063891,4.106014533,3.15107696
Montenegro,NY.GDP.MKTP.KD.ZG,-2.723790771,3.548979912,1.783698581,3.390381397,2.949280321,4.716465276,5.077888811,4.062944992,-15.30689376,13.04346425,6.406680329,6.337697542
Mongolia,NY.GDP.MKTP.KD.ZG,12.31981985,11.64891619,7.885225482,2.379835807,1.489784487,5.636876387,7.74488062,5.602244221,-4.557751976,1.636769577,5.032709637,7.422112762
Northern Mariana Islands,NY.GDP.MKTP.KD.ZG,0.810810811,2.680965147,4.177545692,3.383458647,29.21212121,23.17073171,-19.49733435,-11.4474929,-29.05982906,4.969879518,16.64275466,
Mozambique,NY.GDP.MKTP.KD.ZG,7.994503161,6.571413897,7.702568448,7.393093699,4.696990242,2.638207373,3.484932024,2.317813948,-1.2195225,2.377435728,4.364450745,5.436859122
Mauritania,NY.GDP.MKTP.KD.ZG,4.470013192,4.15081319,4.274823288,5.376339241,1.260909231,6.270545669,4.772173657,3.141004893,-0.360657384,0.742715395,6.796005102,6.507187199
Mauritius,NY.GDP.MKTP.KD.ZG,3.496118365,3.3604061,3.82696982,3.690556904,3.862468263,3.937983806,4.006740572,2.891284993,-14.54653815,3.403798662,8.879885197,6.958287403
Malawi,NY.GDP.MKTP.KD.ZG,1.900000001,5.410349999,5.62527,2.800000001,2.499999999,4,4.353564716,5.716825192,0.79359643,4.55829212,0.921115069,1.892457988
Malaysia,NY.GDP.MKTP.KD.ZG,5.473454193,4.693722526,6.006721946,5.091532422,4.449781398,5.81272241,4.843086976,4.413187421,-5.456846584,3.315349544,8.861821876,3.555487154
North America,NY.GDP.MKTP.KD.ZG,2.243378598,2.133496888,2.549447137,2.761104558,1.757413592,2.502844962,2.94789314,2.530365593,-2.387613184,5.996876288,2.611585921,2.762312082
Namibia,NY.GDP.MKTP.KD.ZG,5.06168207,5.614719623,6.09251916,4.264174538,0.03379445,-1.027248089,1.059939499,-0.839152163,-8.101402014,3.603829192,5.349664086,4.159985755
New Caledonia,NY.GDP.MKTP.KD.ZG,,,,,,,3.995707282,-1.400000002,-2.400000001,-2.099999998,3.499999996,
Niger,NY.GDP.MKTP.KD.ZG,10.54894458,5.315130634,6.642136655,4.392648832,5.740893151,5.005360786,7.211418028,5.939852571,3.550641094,1.383596362,11.9,2.5
Nigeria,NY.GDP.MKTP.KD.ZG,4.230061175,6.671335393,6.309718655,2.652693295,-1.616868949,0.805886619,1.922757342,2.208429277,-1.794253083,3.647186541,3.251681408,2.860214991
Nicaragua,NY.GDP.MKTP.KD.ZG,6.495979229,4.926115047,4.786492487,4.79144082,4.562954429,4.632533981,-3.363687646,-2.89702792,-1.755952892,10.31609128,3.752284757,4.569223171
Netherlands,NY.GDP.MKTP.KD.ZG,-0.977877009,-0.030232452,1.612610074,2.120605224,2.424285765,2.781546099,2.258740396,2.300091595,-3.867953393,6.276830732,5.00723459,0.074560722
Norway,NY.GDP.MKTP.KD.ZG,2.717959267,1.016190824,2.048131999,1.857339726,1.164724235,2.463746285,0.828900664,1.123777874,-1.278171785,3.908686777,3.005635161,0.479647246
Nepal,NY.GDP.MKTP.KD.ZG,4.670141924,3.525153171,6.011482843,3.976053272,0.433113719,8.977279356,7.622376104,6.657055431,-2.369620629,4.838149614,5.631314559,1.952544633
Nauru,NY.GDP.MKTP.KD.ZG,25.2793205,3.647740417,16.42333564,2.698017274,4.363240539,-6.011229987,-1.219122015,8.486736592,1.981819494,7.206594666,3.022636275,0.590699676
New Zealand,NY.GDP.MKTP.KD.ZG,2.289462967,2.76017959,3.754319415,3.734035773,3.748311452,3.397282504,3.49949703,2.361962178,-0.424906458,4.546247639,2.774842648,0.733302172
OECD members,NY.GDP.MKTP.KD.ZG,1.370661834,1.618099714,2.183090261,2.518312398,1.841950293,2.570919076,2.337282987,1.858230751,-3.89788254,5.921184331,3.03275924,1.820987063
Oman,NY.GDP.MKTP.KD.ZG,8.863122256,5.227704081,1.292252294,5.017057997,5.046423946,0.304057566,1.287103915,-1.128638017,-3.379720527,2.582174989,9.577106131,1.310440113
Other small states,NY.GDP.MKTP.KD.ZG,1.73434041,1.812877387,2.506899919,3.265406572,4.06277627,5.13605415,3.929482149,3.844223093,-5.863820009,7.093733063,4.886846816,2.901818569
Pakistan,NY.GDP.MKTP.KD.ZG,3.027583911,4.36686505,4.116428172,4.217942096,6.573838285,4.432625907,6.151702611,2.497636929,-1.274087443,6.513885759,4.778106869,-0.039692523
Panama,NY.GDP.MKTP.KD.ZG,9.627293464,6.324353887,4.625813756,5.266917196,4.571967079,5.744059464,3.918198074,3.103067886,-17.82122997,16.46712492,10.76966587,7.399301556
Peru,NY.GDP.MKTP.KD.ZG,6.139724706,5.852518211,2.382157372,3.252244772,3.953318715,2.518835442,3.969351341,2.240631769,-10.9333065,13.35522951,2.725500216,-0.550182306
Philippines,NY.GDP.MKTP.KD.ZG,6.896951708,6.750531304,6.34798748,6.348309715,7.149456753,6.930988325,6.341485571,6.118525661,-9.518294741,5.714733134,7.580982128,5.545851171
Palau,NY.GDP.MKTP.KD.ZG,1.25344702,-3.036260827,4.77,8.2,-0.44,-3.26,0.11,0.2,-5.999425856,-13.79388797,-1.318449033,1.877069798
Papua New Guinea,NY.GDP.MKTP.KD.ZG,4.657119597,3.824946328,13.54377062,6.578356323,5.489573153,3.534610818,-0.279252285,4.480514571,-3.167432041,-0.511353444,5.707584118,3.035704755
Poland,NY.GDP.MKTP.KD.ZG,1.511781676,0.684240607,3.920508624,4.431767003,3.031177676,5.152457733,6.245858472,4.580458173,-2.035568824,6.927182661,5.255456974,0.138832755
Pre-demographic dividend,NY.GDP.MKTP.KD.ZG,4.26819816,5.957551658,5.374715601,2.950854219,2.405476514,1.640062739,2.58373909,3.312289697,-2.559131954,3.196054152,4.148162935,2.133873257
Puerto Rico,NY.GDP.MKTP.KD.ZG,0.02927511,-0.306826657,-1.190363454,-1.049290032,-1.263694348,-2.885218384,-4.361427032,1.675463795,-4.180874309,0.38522272,3.568110247,0.563519427
"Korea, Dem. People's Rep.",NY.GDP.MKTP.KD.ZG,,,,,,,,,,,,
Portugal,NY.GDP.MKTP.KD.ZG,-4.050902619,-0.984106758,0.741391471,1.589798289,2.004141094,3.314720782,2.946282416,2.745684716,-8.204632063,5.558757523,6.985841938,2.526281108
Paraguay,NY.GDP.MKTP.KD.ZG,-0.708043112,8.293076489,5.301238592,2.957151735,4.268025833,4.810078856,3.204250341,-0.401855101,-0.819785391,4.016737318,0.176038366,4.714124079
West Bank and Gaza,NY.GDP.MKTP.KD.ZG,6.096456563,4.698569866,-0.157866651,3.721299671,8.86461882,1.419367563,1.227077378,1.362687466,-11.31846611,7.011982276,4.082760273,-5.410937
Pacific island small states,NY.GDP.MKTP.KD.ZG,1.012290307,3.225735162,3.614705108,3.709347535,3.747003057,4.025290915,2.767996072,1.152065648,-10.14403852,-2.697531272,9.145807914,5.405280585
Post-demographic dividend,NY.GDP.MKTP.KD.ZG,1.234393122,1.516712842,2.013757467,2.237442354,1.791691838,2.443242533,2.244749571,1.836401756,-4.078746824,5.640371312,2.710613015,1.856886684
French Polynesia,NY.GDP.MKTP.KD.ZG,-0.927537713,0.398801414,0.593554453,1.66510563,2.369644447,4.374502383,1.832028228,2.699934499,-7.050990654,2.094788968,4.46607459,
Qatar,NY.GDP.MKTP.KD.ZG,4.730011844,5.556040643,5.334323292,4.753345724,3.064191884,-1.497604702,1.234872202,0.68824096,-3.557603999,1.626846725,4.185009713,1.187159912
Romania,NY.GDP.MKTP.KD.ZG,1.903616968,0.278771877,4.116001093,3.157036054,2.859932523,8.195478266,6.120930007,3.92326385,-3.674384409,5.545709626,3.965307663,2.404271779
Russian Federation,NY.GDP.MKTP.KD.ZG,4.024086157,1.755422149,0.736267222,-1.972719226,0.193690071,1.825790064,2.807245411,2.198075713,-2.653654501,5.614290376,-2.069711525,3.6
Rwanda,NY.GDP.MKTP.KD.ZG,8.641508158,4.71984857,6.167166152,8.856855597,5.970745254,3.918170936,8.516467226,9.447385186,-3.373687464,10.85796776,8.157733085,8.241287695
South Asia,NY.GDP.MKTP.KD.ZG,5.381345796,6.008623704,6.847958826,7.251628145,7.776303356,6.501458643,6.334689132,3.924325624,-4.582701819,8.763614208,6.313203718,6.7785427
Saudi Arabia,NY.GDP.MKTP.KD.ZG,5.408916078,2.534778271,3.811422791,4.509059063,1.884492736,0.911048656,3.19922678,1.09773375,-3.581534863,5.07511035,7.485984291,-0.754914811
Sudan,NY.GDP.MKTP.KD.ZG,-17.0046884,1.955144633,4.661379542,1.910176891,3.467642184,0.709256285,-2.68093055,-2.178251045,-3.629800824,-1.868520483,-0.957816591,-20.11157597
Senegal,NY.GDP.MKTP.KD.ZG,4.002995551,2.412385276,6.224074438,6.367043651,6.356068572,7.407486186,6.209241034,4.613628097,1.342073773,6.5440011,3.825863637,4.584061405
Singapore,NY.GDP.MKTP.KD.ZG,4.435497594,4.817630991,3.935540277,2.976799316,3.588643696,4.512926318,3.517114185,1.345058741,-3.869798934,9.690766871,3.838076785,1.075031751
Solomon Islands,NY.GDP.MKTP.KD.ZG,2.466001387,5.237740178,1.189217471,1.676146156,5.554731534,3.075348034,2.745995423,1.748566555,-3.381147541,2.564349754,2.402481436,3.079769815
Sierra Leone,NY.GDP.MKTP.KD.ZG,15.20174827,21.07901416,4.559253533,-20.49107411,6.346727852,3.753803214,3.47290262,5.502709374,-1.253349032,5.896852705,5.313554614,5.710021898
El Salvador,NY.GDP.MKTP.KD.ZG,2.887700102,2.182952325,1.729399842,2.400000089,2.539062411,2.247619081,2.412444224,2.437471591,-7.89310136,11.9047617,2.799552169,3.510977066
San Marino,NY.GDP.MKTP.KD.ZG,-7.044534413,-0.783972125,-0.7023705,2.291505561,2.344405861,0.258265466,1.493905318,2.065685147,-6.647910818,13.89778951,7.898441458,
Somalia,NY.GDP.MKTP.KD.ZG,6.694351926,10.95929145,8.978005906,10.46218841,7.034872974,14.73579515,2.054314856,2.824313365,-2.752481039,3.458227929,2.727114296,4.216384326
Serbia,NY.GDP.MKTP.KD.ZG,-0.443956029,0.451578763,-1.804270248,1.295738512,2.975197792,2.363393787,4.649350355,4.750207939,-0.950023992,7.949056505,2.630986444,3.847471128
Sub-Saharan Africa (excluding high income),NY.GDP.MKTP.KD.ZG,3.272169836,5.170343041,4.876646326,2.868335818,1.2454865,2.499868426,2.745713406,2.665657909,-2.000071335,4.330037914,3.652721799,2.798906094
South Sudan,NY.GDP.MKTP.KD.ZG,-46.08212237,13.12973114,3.373648477,-10.79336463,,,,,,,,
Sub-Saharan Africa,NY.GDP.MKTP.KD.ZG,3.272032676,5.167021716,4.875982585,2.873233612,1.254811489,2.504098753,2.74788731,2.668540972,-2.01020207,4.326498682,3.662947127,2.799269454
Small states,NY.GDP.MKTP.KD.ZG,1.800709968,1.553409384,2.419148722,2.730664573,3.397498481,4.521214718,3.683151971,3.2578815,-6.66300887,7.202623215,8.006409244,4.801103454
Sao Tome and Principe,NY.GDP.MKTP.KD.ZG,2.942942774,5.119677354,4.906210487,1.539704283,5.176824687,4.112979663,4.378128083,2.014316721,2.624859495,1.899298913,0.168698492,0.372252775
Suriname,NY.GDP.MKTP.KD.ZG,2.690349747,2.933441652,0.255503032,-3.413042681,-4.911660509,1.566037825,4.948271085,1.167589772,-15.97519171,-2.435385836,2.406222356,2.539566754
Slovak Republic,NY.GDP.MKTP.KD.ZG,1.569171156,0.703323635,2.707950624,5.17687951,1.947819026,2.874732255,4.06212037,2.275899182,-2.585512529,5.72698854,0.449673875,1.378337272
Slovenia,NY.GDP.MKTP.KD.ZG,-2.915538603,-0.823777238,2.762831643,2.393308724,3.034413954,5.17440454,4.379081716,3.505251668,-4.084998153,8.389650321,2.699237557,2.112591843
Sweden,NY.GDP.MKTP.KD.ZG,-0.414465721,1.137716498,2.295763809,4.410140676,2.349740804,1.825156015,1.902964588,2.549647853,-2.005337504,5.937508573,1.459288508,-0.310670185
Eswatini,NY.GDP.MKTP.KD.ZG,5.396630697,3.861213798,1.716887833,1.354894932,3.528997951,2.465058605,0.769171434,4.962121425,-2.88706296,3.399338581,-0.067619258,5.014904713
Sint Maarten (Dutch part),NY.GDP.MKTP.KD.ZG,1.390544568,1.306731035,1.580382215,0.10581315,0.967758363,-7.535213999,-6.856982992,10.96500094,-13.31678872,4.577596779,9.800001111,3.8
Seychelles,NY.GDP.MKTP.KD.ZG,3.110678494,1.253734962,4.063691812,8.914008875,12.11752725,6.954162188,4.939472723,5.514292074,-11.73986083,0.552281631,14.97685133,3.161714355
Syrian Arab Republic,NY.GDP.MKTP.KD.ZG,-26.33901708,-26.30008766,-10.31033991,-4.179791613,-6.405590739,-0.723281777,1.393176078,1.220705221,-0.697154504,1.854215901,0.732781302,
Turks and Caicos Islands,NY.GDP.MKTP.KD.ZG,-0.972299355,1.070877013,8.711296582,11.31483413,7.25118055,-2.5,5.610593584,5.310925248,-26.78293287,9.025497471,6.199999486,1.199996745
Chad,NY.GDP.MKTP.KD.ZG,8.882576072,5.700001363,6.899985045,2.767675685,-6.255527085,-2.988695986,2.3740378,3.247181917,-1.600006737,-1.169187004,2.804340748,4.12231962
East Asia & Pacific (IDA & IBRD countries),NY.GDP.MKTP.KD.ZG,7.580730036,7.299390295,6.985948361,6.707666576,6.566445809,6.709544794,6.527781432,5.784202076,1.243567405,7.602004541,3.3861527,5.107389158
Europe & Central Asia (IDA & IBRD countries),NY.GDP.MKTP.KD.ZG,3.449134712,3.339617447,2.339824865,1.487560189,1.857666928,4.295865912,3.733131637,2.698323364,-1.462933314,7.391998517,1.730377957,3.649843501
Togo,NY.GDP.MKTP.KD.ZG,6.302695421,5.824265832,5.633240218,5.468031293,4.214895609,4.008133262,4.79506027,4.922925917,1.992155019,5.990876104,5.759542515,6.407922156
Thailand,NY.GDP.MKTP.KD.ZG,7.242796202,2.687495563,0.984468864,3.134047249,3.435157717,4.177681032,4.222870287,2.114557796,-6.050038469,1.568181765,2.462769341,1.887257251
Tajikistan,NY.GDP.MKTP.KD.ZG,7.499999463,7.399999747,6.70000069,6.019303318,6.9,7.100000419,7.59999889,7.400000163,4.400001116,9.39999955,8.000000338,8.299999217
Turkmenistan,NY.GDP.MKTP.KD.ZG,11.09999996,10.2000001,10.29999997,6.49999991,6.199999966,6.500000047,6.199999941,6.300000042,5.900000049,6.200000017,6.199999936,6.300157585
Latin America & the Caribbean (IDA & IBRD countries),NY.GDP.MKTP.KD.ZG,2.641697404,2.848752491,1.395175915,0.359823356,-0.339238287,1.993605955,1.677342921,0.681040123,-6.508201195,7.25639389,3.988050986,2.172054618
Timor-Leste,NY.GDP.MKTP.KD.ZG,4.860621868,3.104366832,4.472498466,2.480040402,3.009930626,-3.182415225,-0.466502171,24.21288401,31.72574167,5.363126627,-20.58424404,-18.11781338
Middle East & North Africa (IDA & IBRD countries),NY.GDP.MKTP.KD.ZG,3.528877054,0.415948215,2.07939945,0.463181704,5.37017236,3.138681301,1.821043088,0.90064982,-3.141109552,4.309042918,4.106228449,3.230569457
Tonga,NY.GDP.MKTP.KD.ZG,0.919767903,0.393913876,1.990540155,1.113744057,6.598704361,3.202316509,0.687550583,-0.208437488,1.78339493,0.362601972,-2.309860027,
South Asia (IDA & IBRD),NY.GDP.MKTP.KD.ZG,5.381345796,6.008623704,6.847958826,7.251628145,7.776303356,6.501458643,6.334689132,3.924325624,-4.582701819,8.763614208,6.313203718,6.7785427
Sub-Saharan Africa (IDA & IBRD countries),NY.GDP.MKTP.KD.ZG,3.272032676,5.167021716,4.875982585,2.873233612,1.254811489,2.504098753,2.74788731,2.668540972,-2.01020207,4.326498682,3.662947127,2.799269454
Trinidad and Tobago,NY.GDP.MKTP.KD.ZG,7.446820893,3.531787373,3.853635483,-0.777459952,-7.527137422,-4.800828429,-0.602464842,0.361272406,-9.077876893,-1.03742621,1.48223484,1.347675182
Tunisia,NY.GDP.MKTP.KD.ZG,4.216677115,2.429930964,3.090328031,0.967703108,1.117425949,2.23783868,2.624930109,1.587846655,-9.011934124,4.736320748,2.673318218,0.039156567
Turkiye,NY.GDP.MKTP.KD.ZG,4.788492711,8.485816997,4.939715161,6.084486904,3.323084208,7.501997489,3.013170393,0.818514527,1.85987304,11.43939569,5.533427875,5.111168185
Tuvalu,NY.GDP.MKTP.KD.ZG,-2.127659574,4.347826087,0,10.41666667,5.660377358,2.448392857,1.387283842,13.82209844,-4.274932069,1.804135911,0.677309361,3.852809195
Tanzania,NY.GDP.MKTP.KD.ZG,4.50015356,6.781585601,6.732461868,6.160628774,6.867116196,6.762277168,5.468081815,5.8,1.991964606,4.321384295,4.566005764,5.069523532
Uganda,NY.GDP.MKTP.KD.ZG,3.837455606,3.586905826,5.106307325,5.18785986,4.781000293,3.131405517,6.303923783,6.438745033,2.951306422,3.536580341,4.588021922,5.336972955
Ukraine,NY.GDP.MKTP.KD.ZG,0.152314967,0.045439094,-10.07889499,-9.772987211,2.440981945,2.359972281,3.488362342,3.199503862,-3.752817939,3.445620657,-28.75858421,5.324335374
Upper middle income,NY.GDP.MKTP.KD.ZG,5.760091543,5.628666866,4.952111133,4.526198229,4.577100143,5.354904118,4.903919013,4.067171623,-0.499909451,7.607927072,3.311556004,4.413292905
Uruguay,NY.GDP.MKTP.KD.ZG,3.538178721,4.637538629,3.23879123,0.370741258,1.689798165,1.740376487,0.16477766,0.928351033,-7.380141845,5.561892793,4.707257615,0.367475176
United States,NY.GDP.MKTP.KD.ZG,2.289113388,2.117830099,2.523819814,2.945550455,1.819451475,2.457622303,2.966505069,2.58382533,-2.163029139,6.055052933,2.51237532,2.887556009
Uzbekistan,NY.GDP.MKTP.KD.ZG,7.102444887,7.29655037,6.873838441,7.218773508,5.9321508,4.395274633,5.559195729,6.779923997,1.563342773,8.034683126,6.001342322,6.291416351
St. Vincent and the Grenadines,NY.GDP.MKTP.KD.ZG,1.169112184,2.462484172,1.250254369,2.783161194,4.145931682,1.448830634,3.175611442,0.661727444,-3.739145992,0.75379708,7.159832866,6.016109145
"Venezuela, RB",NY.GDP.MKTP.KD.ZG,5.625956975,1.343094036,-3.894386475,,,,,,,,,
British Virgin Islands,NY.GDP.MKTP.KD.ZG,,,,,,,,,,,,
Virgin Islands (U.S.),NY.GDP.MKTP.KD.ZG,-14.8125,-6.285155295,-1.774530271,-0.425079702,1.600853789,-0.735294118,1.878306878,2.908335497,-1.614938178,3.667607079,-1.311232063,
Viet Nam,NY.GDP.MKTP.KD.ZG,5.504544704,5.55351081,6.422243121,6.987154306,6.690008927,6.940190374,7.465006856,7.359262701,2.865413209,2.553728526,8.123514468,5.046430736
Vanuatu,NY.GDP.MKTP.KD.ZG,1.010047687,0.463390415,3.136867294,0.366522075,4.688756366,6.317305384,2.900230273,3.241187655,-4.992491429,-1.552294891,1.916057012,2.212941771
World,NY.GDP.MKTP.KD.ZG,2.691960853,2.872839,3.131475566,3.128786892,2.813735974,3.451446123,3.282196997,2.675966292,-2.878323196,6.350089576,3.238021262,2.833508703
Samoa,NY.GDP.MKTP.KD.ZG,-3.732130209,0.107293276,0.659923769,3.850361817,7.983862878,1.4062824,-0.609647103,4.451858917,-3.108444011,-7.078830943,-5.3062909,8.584091218
Kosovo,NY.GDP.MKTP.KD.ZG,1.712195959,5.340799119,3.348804784,5.916231283,5.571775047,4.825655653,3.406632271,4.75680057,-5.340275478,10.74565608,4.278498958,4.067627014
"Yemen, Rep.",NY.GDP.MKTP.KD.ZG,2.392990209,4.823519067,-0.188690232,-27.99454625,-9.375123818,-5.071795639,0.752447588,,,,,
South Africa,NY.GDP.MKTP.KD.ZG,2.396232385,2.485468008,1.413826452,1.321862237,0.664552308,1.157946952,1.556783847,0.259935577,-6.168917715,4.955032594,1.91147996,0.698485195
Zambia,NY.GDP.MKTP.KD.ZG,7.597381049,5.05753695,4.693283164,2.920375112,3.755100317,3.525862771,4.034493897,1.441306026,-2.785055065,6.234922047,5.211223604,5.367942855
Zimbabwe,NY.GDP.MKTP.KD.ZG,15.74487708,3.196730887,1.484542622,2.023649996,0.900955396,4.080263903,5.009866783,-6.332446407,-7.816950647,8.468016898,6.139263265,5.336730495
